1, 0.771728
2, 3.296822
3, 0.272317
4, -0.229844
5, -0.672703
6, -0.700044
7, -1.234623
8, 3.417226
9, 0.444644
10, -1.635741
11, -0.531420
12, -0.514711
13, 0.340532
14, -1.630555
15, -3.142424
16, 1.366271
17, 0.379846
18, -1.229216
19, -1.309659
20, 0.239305
21, -2.259466
22, -1.929968
23, -0.100528
24, -3.986344
25, -0.727122
26, 4.299526
27, 1.975419
28, -1.704454
29, 1.297580
30, 4.731459
31, 3.973763
32, -2.101644
33, 0.937236
34, 0.587606
35, 0.685042
36, -0.099232
37, -0.771674
38, 2.228772
39, -0.146803
40, -0.166569
41, 0.605349
42, 0.159303
43, 0.955696
44, -0.105029
45, -0.767890
46, 0.402840
47, 2.098030
48, 1.120134
49, 1.271539
50, 2.041417
51, 1.483392
52, -0.055879
53, 0.712817
54, -1.387858
55, -0.807144
56, 0.754200
57, 1.323512
58, -1.870686
59, -0.043757
60, -0.245555
61, 1.990200
62, 3.046584
63, -0.695609
64, -0.253543
65, -0.392240
66, 1.927160
67, -0.106003
68, -0.320685
69, 1.317933
70, 0.828581
71, 1.345110
72, -0.418102
73, 1.535861
74, 0.549759
75, 0.059818
76, -2.013440
77, 0.273476
78, 1.577136
79, 0.213982
80, -1.034986
81, -0.708862
82, -2.761115
83, 1.118714
84, 0.164017
85, 2.773572
86, -0.209277
87, -0.159928
88, -1.199992
89, 0.201357
90, -0.132543
91, -0.348387
92, -0.432441
93, 2.377633
94, -0.209285
95, 0.305148
96, -0.187506
97, 0.383494
98, -0.075119
99, -0.028782
100, -0.242681
101, -2.256126
102, 0.129432
103, 0.570649
104, -1.093050
105, 0.437639
106, -1.389948
107, 1.107760
108, 1.222150
109, 1.133542
110, 0.231483
111, 0.643704
112, 2.138809
113, 1.146271
114, 0.830954
115, 0.490719
116, -0.217088
117, -0.072938
118, -0.170312
119, 1.243970
120, 2.672037
121, 1.681338
122, 2.322820
123, -1.354295
124, 1.142091
125, -3.764563
126, 0.187395
127, 2.811343
128, -0.550840
129, 1.236748
130, -0.099626
131, 0.347987
132, -1.615901
133, 0.184281
134, 1.444616
135, -0.490664
136, -1.010144
137, -3.064781
138, -3.849595
139, 0.372433
140, -6.396280
141, -0.611880
142, 0.280469
143, 5.685207
144, -0.258747
145, -1.386732
146, 0.597109
147, -1.667547
148, -2.998271
149, 1.581575
150, -1.671855
151, 0.730226
152, -1.164963
153, -1.785376
154, -0.288357
155, -0.897398
156, -2.124515
157, -1.957116
158, 3.315298
159, -0.308238
160, 3.437531
161, -0.562892
162, 1.404959
163, 4.035475
164, 5.145783
165, 0.810130
166, -1.109925
167, -0.363286
168, 1.917845
169, 0.445339
170, -0.411967
171, -1.669832
172, 1.787237
173, -0.363230
174, -0.538433
175, 0.215918
176, 1.070080
177, 1.417061
178, -0.570266
179, -1.849954
180, -0.109735
181, 0.808048
182, -2.269541
183, 0.346600
184, 0.648665
185, 1.700183
186, 0.211114
187, -1.059705
188, -1.495053
189, -0.026847
190, -0.652286
191, 1.263244
192, -0.558693
193, -2.661895
194, -2.346413
195, 0.496183
196, -0.218766
197, 1.265991
198, -0.460559
199, 0.338532
200, -1.671594
201, -0.732830
202, 1.471280
203, -0.775355
204, 0.716671
205, 3.000614
206, 0.020037
207, 0.548301
208, -0.771836
209, 0.131729
210, -1.074541
211, -0.675252
212, -0.342131
213, -0.153131
214, -1.244562
215, 1.603782
216, 0.252836
217, 0.012077
218, -0.251519
219, 0.323099
220, 1.922750
221, -0.508730
222, -1.193875
223, -1.832524
224, -1.462516
225, 0.254779
226, -1.491668
227, 0.337962
228, -0.524219
229, 0.531328
230, 1.761866
231, 0.170069
232, 0.810732
233, 0.520365
234, 0.945358
235, 0.683462
236, 1.666879
237, 1.923588
238, -0.076003
239, -1.545328
240, -0.218636
241, -3.910289
242, 3.007857
243, -1.316862
244, 0.587110
245, 0.515825
246, 1.625747
247, 0.394798
248, -0.879278
249, -0.853890
250, -0.204803
251, -0.924079
252, -0.065514
253, 1.937477
254, -0.424552
255, 0.124202
256, -1.528393
257, -0.213702
258, 0.966566
259, -0.191463
260, 1.944252
261, 0.863345
262, 1.008777
263, 1.681947
264, 2.379965
265, 0.401304
266, 3.642038
267, 1.065717
268, 0.815379
269, -0.858101
270, 2.906912
271, -1.928790
272, 2.437765
273, -0.409638
274, -0.921799
275, 1.863300
276, 1.349744
277, -0.700343
278, -1.067546
279, -0.158336
280, 1.302295
281, 1.416712
282, -0.156598
283, 2.236254
284, 0.490714
285, 0.705475
286, -0.624219
287, 1.126045
288, 1.144189
289, 1.547118
290, 0.487467
291, 0.705929
292, -1.552227
293, -0.137493
294, 1.072030
295, 1.368276
296, -1.037227
297, 0.640527
298, -2.444432
299, -1.823323
300, -0.921400
301, -0.446887
302, -1.736400
303, 0.036576
304, 2.682934
305, -1.499417
306, 0.463232
307, -0.730703
308, -1.576597
309, 0.129805
310, 0.100426
311, 2.106398
312, -1.644577
313, -6.550119
314, 0.268159
315, -2.213211
316, 0.494558
317, 0.927240
318, -2.592868
319, 5.487667
320, 0.720863
321, 5.121403
322, -0.537347
323, 3.426577
324, 0.499920
325, -0.516507
326, 1.287518
327, -0.775176
328, 1.983572
329, 1.350589
330, -2.129260
331, -0.483987
332, 0.136478
333, 1.941805
334, -0.586819
335, -1.556011
336, -2.510142
337, -2.980461
338, -5.416865
339, 1.430956
340, 3.484113
341, -2.177171
342, 0.051074
343, 0.125480
344, -3.425149
345, 1.283252
346, -4.317395
347, 0.070174
348, 3.306154
349, -0.532730
350, -1.579064
351, -2.532195
352, 0.063895
353, 3.241990
354, -0.475942
355, -0.473021
356, 0.228175
357, -0.879706
358, -2.452841
359, 2.521345
360, -1.114662
361, 3.104541
362, 4.100910
363, 0.016179
364, 0.358306
365, -3.283197
366, -0.144892
367, -1.550484
368, -1.967476
369, -0.733023
370, 1.438238
371, 0.336353
372, 2.051291
373, 1.997850
374, -1.083839
375, 0.461627
376, 0.587497
377, 0.252584
378, 1.755485
379, -0.522079
380, -0.344292
381, -0.898783
382, -0.718558
383, 0.496452
384, -1.010159
385, -0.144941
386, -0.694621
387, -0.224609
388, -0.690656
389, -0.610541
390, 1.553325
391, -0.989994
392, -1.788961
393, -1.235585
394, -0.694905
395, -2.925542
396, 1.775667
397, 0.395398
398, -2.955372
399, 4.584889
400, -1.571528
401, -1.403119
402, -0.225252
403, 0.048561
404, -1.211968
405, 2.579609
406, 2.775513
407, 0.247142
408, 0.791136
409, -2.524483
410, 0.515009
411, -2.286647
412, -0.634586
413, -1.263197
414, -2.031324
415, 0.774012
416, -0.066068
417, 2.084266
418, 0.268649
419, -0.356216
420, -1.605315
421, -0.849129
422, -0.908442
423, 1.023209
424, -1.057008
425, -1.599708
426, 1.060007
427, 3.210657
428, -0.291372
429, -0.623575
430, -1.577248
431, -0.040515
432, 2.011805
433, 1.745730
434, 0.412243
435, 0.394408
436, 0.594586
437, -1.693292
438, -0.236633
439, -0.895437
440, -2.248228
441, -0.361719
442, -3.498949
443, 0.967927
444, -2.585277
445, 3.875036
446, 1.238130
447, -0.222991
448, -2.245679
449, -2.363096
450, -0.847000
451, -0.445033
452, 0.769713
453, -3.238379
454, 0.044182
455, -1.427723
456, -2.029549
457, -2.535983
458, 2.155786
459, 0.593161
460, -4.461992
461, 0.988644
462, 1.071815
463, -0.473994
464, -2.265432
465, -2.018471
466, -3.843379
467, -2.604145
468, 1.981551
469, -2.368705
470, 0.529017
471, 5.373778
472, -0.025812
473, -2.245109
474, -2.719578
475, -3.899314
476, 1.224804
477, -4.172148
478, 1.268170
479, -4.737161
480, -6.460514
481, 6.366506
482, 3.607177
483, 1.450246
484, 4.183807
485, 1.776594
486, -1.360109
487, -2.300294
488, -2.516550
489, -2.030365
490, -2.149281
491, 3.706161
492, 3.021642
493, -2.049316
494, -0.349110
495, 3.893783
496, 3.235411
497, 0.356134
498, -0.013301
499, -4.848622
500, -0.362647
501, -0.614811
502, -4.930957
503, -1.884260
504, -3.438565
505, -6.234143
506, 5.320512
507, 0.541054
508, 0.317896
509, 5.305503
510, 0.254429
511, -1.316211
512, -0.798171
513, -1.175495
514, 1.619386
515, -1.211330
516, -1.957990
517, 0.486662
518, -0.549700
519, 0.814409
520, 0.769271
521, 0.601200
522, 1.810609
523, 0.079367
524, -1.192342
525, -1.793555
526, -1.734823
527, -1.536783
528, -0.295735
529, -1.832449
530, -2.640924
531, -0.124553
532, -1.867718
533, -2.260577
534, 3.955030
535, -1.108994
536, -0.102236
537, 4.139824
538, -0.820420
539, 4.930549
540, 3.103504
541, -2.020950
542, 3.615874
543, 1.128323
544, -1.242279
545, -0.555758
546, 0.754017
547, 5.265760
548, 1.889654
549, 1.351138
550, -2.870256
551, 1.979557
552, 2.480794
553, -0.644689
554, 2.565815
555, -1.931476
556, -1.405160
557, -2.658205
558, 1.141988
559, 0.889800
560, 0.640809
561, 3.085648
562, -2.319539
563, 3.678189
564, -0.959497
565, -1.792523
566, 0.572482
567, -0.357209
568, -3.208761
569, -0.557558
570, -0.190503
571, -0.723056
572, -3.080873
573, -0.005818
574, 2.003804
575, 0.451358
576, 2.521180
577, -1.144340
578, -0.535631
579, -1.720996
580, 0.496716
581, 0.852167
582, 1.493935
583, 0.717253
584, -2.455770
585, 0.014357
586, -0.341680
587, 1.912182
588, 1.214458
589, 1.651050
590, -0.203347
591, -1.103609
592, 0.248995
593, -0.616399
594, -3.280314
595, -2.869432
596, -0.752182
597, 2.021514
598, -2.054349
599, -0.894697
600, 2.134118
601, 1.197385
602, -0.682243
603, -1.149856
604, -0.006075
605, 1.411280
606, 1.813343
607, -0.211643
608, 0.019119
609, -0.149347
610, -1.308562
611, 0.045865
612, -1.849339
613, -0.646153
614, -1.438773
615, 1.909793
616, -2.987491
617, -0.269258
618, -1.017604
619, 1.080416
620, -2.111171
621, 2.158265
622, -1.075349
623, -0.341160
624, -1.488140
625, 1.208575
626, -0.617680
627, -2.994325
628, 0.662887
629, 4.377259
630, 0.322843
631, -1.084987
632, -1.747749
633, 0.305922
634, -0.749520
635, -0.162347
636, -0.691245
637, -0.575394
638, 1.603776
639, 3.067683
640, -1.285141
641, 1.415196
642, 0.861416
643, -0.095992
644, -1.073441
645, -1.737525
646, 0.770434
647, -1.708012
648, -0.602305
649, -0.205160
650, -0.889925
651, -1.615686
652, -2.430908
653, 0.839268
654, -1.175683
655, 2.409118
656, 0.070238
657, -0.880729
658, -2.160691
659, -0.632180
660, -0.046505
661, -1.056084
662, -0.871535
663, -1.482008
664, 1.874331
665, -3.191081
666, -2.608077
667, 0.075538
668, -3.478965
669, -0.689828
670, 0.705119
671, -1.620726
672, -2.677309
673, 2.366381
674, 3.965293
675, 0.469258
676, 0.749666
677, 0.035378
678, 3.115613
679, 0.901744
680, -1.323201
681, -1.492597
682, 2.500000
683, -1.452781
684, 0.638190
685, 0.979470
686, 1.522753
687, 0.730129
688, 1.389108
689, -1.044731
690, -1.897222
691, 0.271847
692, -1.648355
693, -0.618604
694, -3.350853
695, 1.722146
696, -0.368795
697, 3.211946
698, -0.107126
699, 0.123894
700, -1.212346
701, 0.870079
702, -1.527084
703, -1.958232
704, -0.832131
705, -0.303568
706, -2.615234
707, -5.373324
708, -4.500201
709, 0.173527
710, -2.177368
711, -2.892528
712, -1.624233
713, -1.124378
714, 3.770987
715, -1.597008
716, 1.942746
717, -3.981919
718, -1.313242
719, 1.375404
720, 2.627617
721, -1.815946
722, 2.800290
723, 4.725154
724, 0.305283
725, -2.332763
726, 2.209641
727, 0.586846
728, -0.155352
729, 0.903128
730, 1.430199
731, -0.671688
732, 2.897208
733, 0.640384
734, 0.781865
735, 0.532450
736, -3.677400
737, -0.309530
738, 0.671194
739, 1.750520
740, 2.051530
741, 0.059061
742, 1.842554
743, -0.556016
744, -0.272066
745, 1.184593
746, -0.864922
747, 3.412514
748, 2.942937
749, 0.977157
750, 2.294102
751, -2.040834
752, 1.740877
753, -1.838588
754, 1.551903
755, 1.974738
756, -0.607380
757, -2.898263
758, 0.410336
759, -0.553313
760, 4.626986
761, 2.578654
762, 3.317577
763, 5.773105
764, 2.401101
765, -0.237161
766, -0.889072
767, 5.031125
768, -2.378816
769, 1.464437
770, -0.557345
771, -2.326915
772, -2.012126
773, 1.668722
774, -3.764480
775, 1.086072
776, 4.028865
777, 0.365172
778, -1.102471
779, 1.224456
780, 2.833495
781, 0.879263
782, -1.316595
783, 2.030465
784, 3.482468
785, -0.425201
786, 0.954548
787, 0.097860
788, -3.128619
789, -1.331495
790, -0.340707
791, -1.866885
792, 0.233222
793, 0.393919
794, 4.983885
795, 0.104345
796, -0.591306
797, 0.557040
798, 2.563289
799, 0.952671
800, -2.682390
801, -0.573365
802, 1.023110
803, -0.241990
804, -0.137933
805, -0.095729
806, 1.400180
807, 0.717675
808, -1.791874
809, -2.891331
810, -0.633852
811, -0.818055
812, -1.766898
813, -0.198160
814, 3.569591
815, -0.269131
816, 3.409743
817, 1.417487
818, 2.346859
819, -0.810487
820, -0.603490
821, 3.070871
822, -1.189750
823, -0.558592
824, -0.293019
825, -1.961123
826, 0.347142
827, -1.094755
828, 2.578923
829, -0.206963
830, 1.552959
831, 1.282486
832, 0.377382
833, -1.520030
834, 1.011264
835, -0.683584
836, 0.307582
837, 0.921693
838, 0.820058
839, -1.391179
840, -0.261959
841, -1.954181
842, -0.175293
843, 0.240130
844, 1.791806
845, 0.216899
846, 0.996288
847, 2.124572
848, -0.054298
849, 0.953625
850, 0.219909
851, -1.109203
852, 1.013517
853, -1.545995
854, -0.765625
855, -1.614732
856, -2.245898
857, -3.262592
858, 0.724118
859, -4.531734
860, 0.381038
861, 0.839516
862, 0.485859
863, 1.185166
864, -1.113082
865, 0.230903
866, 2.688884
867, -1.847838
868, -0.200466
869, -3.715647
870, -2.359405
871, 1.808869
872, 0.150136
873, 2.818759
874, 0.411818
875, -1.053596
876, -0.816646
877, 2.008810
878, -1.055404
879, -1.842432
880, -0.776869
881, 1.295633
882, -0.150016
883, -2.825960
884, 1.220500
885, -1.707663
886, -0.101010
887, 3.005022
888, -0.001978
889, -0.437064
890, -0.025100
891, -2.473078
892, 0.856931
893, 0.271036
894, -1.385214
895, -1.278578
896, -3.630522
897, -1.000968
898, 1.615810
899, -3.577811
900, 0.518381
901, 1.055839
902, 1.643878
903, 2.425158
904, 2.333485
905, 0.198220
906, -2.347769
907, -1.129226
908, 4.111606
909, -0.433675
910, -1.390689
911, -1.263443
912, -0.165879
913, -1.529728
914, -2.294108
915, 2.294637
916, -2.321083
917, 0.110924
918, -3.760701
919, 0.063847
920, 3.017429
921, -1.291898
922, -0.481542
923, 0.087459
924, -5.775784
925, -1.387202
926, 3.245158
927, -0.434255
928, 3.217077
929, 0.012986
930, -0.703617
931, 1.442528
932, 0.901087
933, -0.252460
934, -0.630613
935, 0.639525
936, -0.639730
937, 1.405543
938, 0.249370
939, -0.662729
940, -1.156218
941, -1.828710
942, 0.229663
943, -0.743444
944, -2.525950
945, -1.216902
946, -1.175006
947, -1.649262
948, 1.657185
949, 2.972247
950, -0.160240
951, -0.282371
952, -1.445979
953, -2.685708
954, 3.964408
955, -3.263154
956, 0.193189
957, -1.381779
958, -2.276909
959, -0.957860
960, -2.355760
961, 0.866470
962, -0.317842
963, -0.403678
964, -0.692779
965, 0.215962
966, -2.295913
967, -0.200933
968, -3.533860
969, 1.025474
970, -0.420505
971, -2.471622
972, 1.582841
973, 5.637717
974, 2.223180
975, 1.361251
976, 4.143141
977, 0.120004
978, -1.726440
979, 4.637453
980, -0.328549
981, -0.234764
982, 0.817474
983, -1.026651
984, -1.216478
985, 1.787393
986, -1.716261
987, 1.847108
988, -0.383535
989, 3.487440
990, 0.690744
991, 1.114549
992, -3.042189
993, 0.253395
994, -0.100503
995, -0.132926
996, 3.171538
997, -0.476158
998, -1.338243
999, -1.544483
1000, -1.591275
1001, 2.798589
1002, 0.330316
1003, -0.958468
1004, -0.958979
1005, -0.440964
1006, 0.739063
1007, 0.785290
1008, 2.364846
1009, -1.385919
1010, 0.590377
1011, -0.345292
1012, 1.787093
1013, -1.423398
1014, -1.169293
1015, -0.632207
1016, -1.746579
1017, -0.132734
1018, -0.795059
1019, -0.213172
1020, 0.293214
1021, 1.020832
1022, -0.498295
1023, -0.618225
1024, -1.321818
1025, 1.849510
1026, -0.438983
1027, -1.969732
1028, -0.118894
1029, 1.626520
1030, 2.242053
1031, 1.373446
1032, 0.239240
1033, 2.889762
1034, -0.479643
1035, 0.770089
1036, 2.895605
1037, 0.023241
1038, 0.506368
1039, -1.482950
1040, -0.718347
1041, 0.881254
1042, -0.104221
1043, 0.958375
1044, 1.712906
1045, -0.422935
1046, -1.675393
1047, 0.856093
1048, -3.620622
1049, -2.031827
1050, -1.932267
1051, -0.535975
1052, 0.127517
1053, -2.527855
1054, -0.309896
1055, 4.697162
1056, -2.120474
1057, -1.182982
1058, -0.002857
1059, -0.051640
1060, 1.337848
1061, -3.359585
1062, 0.052533
1063, -0.543677
1064, 2.125908
1065, -0.596462
1066, -1.813014
1067, -0.467847
1068, -1.065393
1069, -0.703353
1070, -1.378244
1071, 1.589034
1072, 1.174636
1073, 2.219233
1074, -2.640204
1075, 4.170042
1076, -0.542985
1077, 1.864423
1078, -0.268087
1079, -0.354050
1080, -1.571976
1081, -0.061794
1082, 0.404577
1083, -0.824724
1084, -3.479778
1085, 0.379291
1086, -0.600561
1087, 1.086150
1088, 3.230321
1089, 1.703644
1090, -0.510946
1091, -0.330811
1092, 0.087495
1093, -0.241337
1094, -1.558141
1095, 0.622896
1096, 2.712592
1097, -0.925516
1098, 2.006718
1099, -0.218535
1100, -1.979725
1101, 0.193806
1102, -4.161948
1103, -3.232044
1104, -2.221309
1105, 1.469260
1106, -1.243953
1107, 0.958277
1108, 0.341466
1109, 0.436208
1110, 1.314078
1111, -1.979929
1112, 1.262869
1113, 0.396779
1114, 1.726582
1115, 0.150187
1116, -0.227131
1117, -1.095991
1118, -0.652930
1119, -0.098924
1120, -0.822045
1121, 1.296293
1122, 1.831293
1123, 2.668111
1124, -0.323811
1125, 0.523465
1126, 1.533834
1127, 0.283070
1128, 3.007968
1129, -0.316646
1130, 1.288135
1131, 0.044530
1132, 1.824510
1133, 0.108972
1134, -0.570134
1135, 1.535596
1136, 0.071129
1137, 0.214261
1138, 1.652168
1139, 0.520390
1140, 0.996985
1141, -0.917624
1142, -1.616366
1143, -0.252148
1144, 0.498644
1145, -0.806277
1146, -0.329178
1147, -0.117879
1148, 2.989029
1149, 1.543711
1150, 0.001374
1151, 1.109648
1152, 3.307744
1153, 0.858846
1154, -0.168779
1155, -1.428089
1156, -0.803047
1157, 2.098871
1158, -0.263181
1159, 1.461995
1160, -2.112352
1161, -0.228889
1162, -1.287594
1163, 0.799149
1164, 0.510929
1165, 2.172133
1166, -0.148073
1167, 1.057510
1168, -2.005576
1169, -0.660370
1170, 0.210281
1171, 1.357002
1172, -0.247101
1173, -2.189619
1174, -0.639230
1175, 0.636071
1176, -0.504272
1177, -0.343045
1178, 0.779350
1179, 3.558924
1180, -0.101428
1181, 0.956270
1182, 0.511228
1183, -0.084107
1184, 0.570557
1185, 1.231147
1186, 0.619402
1187, 0.712462
1188, -2.261357
1189, -0.086718
1190, -0.545789
1191, 2.312280
1192, 0.724849
1193, 0.424471
1194, -0.748257
1195, -0.838154
1196, 0.238196
1197, 1.560197
1198, -0.808799
1199, -1.007976
1200, 0.388553
1201, -0.390769
1202, 1.352250
1203, 0.840109
1204, 0.063858
1205, 0.123461
1206, -1.426907
1207, 0.145531
1208, 0.674700
1209, -0.596432
1210, -0.670156
1211, -0.116989
1212, -0.568619
1213, -0.530170
1214, 2.117650
1215, 0.840898
1216, 1.799126
1217, 0.093656
1218, -0.595559
1219, 0.825861
1220, 1.747736
1221, -0.570116
1222, -0.236427
1223, 1.879690
1224, 0.115479
1225, 0.582189
1226, -0.270324
1227, -0.323354
1228, -1.483484
1229, -0.572727
1230, 0.682816
1231, 1.961887
1232, 0.336107
1233, 0.201120
1234, -1.031576
1235, 0.700234
1236, 0.353843
1237, 0.545589
1238, -2.098881
1239, 0.722220
1240, 0.036323
1241, -0.609834
1242, -0.653097
1243, 0.880699
1244, 0.154587
1245, -1.529421
1246, -0.215882
1247, -1.245229
1248, -0.533116
1249, -0.071646
1250, -0.145453
1251, 0.680228
1252, -0.009725
1253, -2.048251
1254, 0.543500
1255, 1.704850
1256, 0.703216
1257, -0.447944
1258, 0.603062
1259, -0.344737
1260, -0.896603
1261, 0.212240
1262, -0.958092
1263, 1.096422
1264, -0.148797
1265, 1.125237
1266, -0.624721
1267, -2.296836
1268, 0.291203
1269, -0.165200
1270, 1.317537
1271, 0.178231
1272, 0.211444
1273, -0.071186
1274, 0.059962
1275, -0.893258
1276, 1.065653
1277, 0.408062
1278, 2.561160
1279, 1.388052
1280, 0.303489
1281, -0.044922
1282, 0.454631
1283, 0.937079
1284, -0.116750
1285, -0.152579
1286, 1.042636
1287, -0.168925
1288, 0.085244
1289, 1.832940
1290, 0.025373
1291, -1.152476
1292, 0.993719
1293, -0.869282
1294, -1.071684
1295, -0.173378
1296, 0.428590
1297, 1.359414
1298, 1.727278
1299, 0.390680
1300, -0.523246
1301, -0.270204
1302, 1.743528
1303, 0.247207
1304, 0.534623
1305, 0.081509
1306, 1.145500
1307, -0.239167
1308, 0.005251
1309, -1.150034
1310, 0.835454
1311, 0.737025
1312, 0.855937
1313, 2.042651
1314, 1.260519
1315, -0.617755
1316, 1.470391
1317, -1.285452
1318, -0.607747
1319, 1.049340
1320, -1.419435
1321, 0.061092
1322, -1.146515
1323, -2.415503
1324, -0.697109
1325, -0.178156
1326, 3.178027
1327, 0.413436
1328, -6.678855
1329, -2.940760
1330, 0.658849
1331, -0.914613
1332, -0.391604
1333, 5.568419
1334, 0.318190
1335, 0.423114
1336, 0.019932
1337, 0.338009
1338, 2.095931
1339, -0.706149
1340, 0.168788
1341, 0.392975
1342, -0.786769
1343, 2.377816
1344, 0.244180
1345, 1.263554
1346, -2.084102
1347, 1.208439
1348, -0.572292
1349, 0.306674
1350, 0.151177
1351, -1.147682
1352, 0.237816
1353, -0.554230
1354, -0.952211
1355, -1.083980
1356, -2.624282
1357, -4.442216
1358, -1.439077
1359, 2.626634
1360, -5.396120
1361, 0.949057
1362, 2.207693
1363, -3.562926
1364, 1.052523
1365, 1.230472
1366, -0.683025
1367, -2.378639
1368, -5.095096
1369, 1.362768
1370, 5.450116
1371, -0.772108
1372, 2.572683
1373, -0.383239
1374, 0.274315
1375, 1.156187
1376, 0.095897
1377, 1.727319
1378, -2.597576
1379, 0.139850
1380, -1.846413
1381, -3.475689
1382, 0.942263
1383, 3.684438
1384, 0.858180
1385, -0.351776
1386, -1.645909
1387, -2.257176
1388, -2.807115
1389, 1.299048
1390, -1.528914
1391, 1.873867
1392, -1.678216
1393, -0.228934
1394, 3.109129
1395, 0.869042
1396, 0.405946
1397, -1.597746
1398, 0.554832
1399, 1.705472
1400, -0.043326
1401, -1.545510
1402, -1.512520
1403, 1.303761
1404, -0.100984
1405, -0.251232
1406, 1.125951
1407, -0.328503
1408, -1.270590
1409, -1.089073
1410, -1.437678
1411, -0.733564
1412, -0.236999
1413, -2.977173
1414, 1.566936
1415, -0.391375
1416, -0.261880
1417, -0.784168
1418, 1.254757
1419, -0.278590
1420, -0.629879
1421, 1.325505
1422, -1.294513
1423, 0.314369
1424, -0.938102
1425, 2.082804
1426, -0.524172
1427, 0.005371
1428, -0.105937
1429, -0.489272
1430, 0.012669
1431, 0.408158
1432, -0.703534
1433, -0.177877
1434, 1.595885
1435, 3.228594
1436, 0.354632
1437, 0.677769
1438, 2.692471
1439, -0.269722
1440, -0.151267
1441, -0.404219
1442, 1.606094
1443, -0.090302
1444, -1.566929
1445, 0.257761
1446, 1.226456
1447, -0.013854
1448, -0.052856
1449, 0.055794
1450, 1.403136
1451, -0.142539
1452, -0.822667
1453, 0.340313
1454, -1.233396
1455, 0.793175
1456, 1.444615
1457, 0.351640
1458, -0.551575
1459, -0.758600
1460, -0.729607
1461, -0.674791
1462, 0.618615
1463, 1.704846
1464, 2.230483
1465, 0.050181
1466, -0.335471
1467, 0.699435
1468, -0.013764
1469, -0.211073
1470, -1.801855
1471, -0.275773
1472, -2.213625
1473, -0.175782
1474, -0.836652
1475, 0.617971
1476, -0.334895
1477, 0.153757
1478, -0.389323
1479, -1.935868
1480, -0.210317
1481, 0.789068
1482, 0.182072
1483, -0.872075
1484, 1.828799
1485, 1.792482
1486, -0.036160
1487, 1.204287
1488, 0.103687
1489, 0.130359
1490, 0.055339
1491, -1.243509
1492, 0.725847
1493, -0.176943
1494, 0.070429
1495, 1.993453
1496, 0.345183
1497, -0.379206
1498, -3.121687
1499, 0.217182
1500, 1.029037
1501, -0.948521
1502, -1.308059
1503, 0.114387
1504, 1.028476
1505, -0.789425
1506, 1.195629
1507, 0.431497
1508, 0.439484
1509, 0.103224
1510, -0.553054
1511, 0.364191
1512, -0.039567
1513, -0.553824
1514, 0.523228
1515, 1.572513
1516, 0.277381
1517, -0.164639
1518, -0.389062
1519, 0.031908
1520, 0.228296
1521, -0.064150
1522, 0.362641
1523, -0.556200
1524, 0.244406
1525, 1.465194
1526, 0.203170
1527, 0.636468
1528, 0.055866
1529, -1.345570
1530, -1.189514
1531, -0.104369
1532, -0.771131
1533, 0.115566
1534, 0.552092
1535, -1.616223
1536, -0.427618
1537, 0.607796
1538, 0.946597
1539, -0.196795
1540, -0.644132
1541, -0.122978
1542, -0.665580
1543, -1.323836
1544, 0.195271
1545, 0.909948
1546, 0.126641
1547, 0.636172
1548, 1.943901
1549, -0.211704
1550, 0.621078
1551, 0.264343
1552, 1.289232
1553, 0.163438
1554, 0.344637
1555, -1.161066
1556, 0.712597
1557, 0.447229
1558, -0.579705
1559, 0.234970
1560, 0.111410
1561, 1.297089
1562, 0.835397
1563, -0.550187
1564, -0.367375
1565, -0.141236
1566, 0.434318
1567, -0.758457
1568, 0.646976
1569, -0.333962
1570, 0.188937
1571, -0.785271
1572, -1.495083
1573, 0.146451
1574, -0.656911
1575, 0.190303
1576, 0.248348
1577, -0.662985
1578, 0.011630
1579, -0.307169
1580, 1.081653
1581, -0.283057
1582, -1.446582
1583, -0.054687
1584, 0.803964
1585, 0.380793
1586, -0.146299
1587, -0.106978
1588, -0.693940
1589, 0.875956
1590, -0.741193
1591, 0.241997
1592, 0.069905
1593, -0.356781
1594, -1.477576
1595, -2.941561
1596, 0.580736
1597, -0.962711
1598, 0.509045
1599, 0.438659
1600, 0.195229
1601, 0.815170
1602, -0.464752
1603, 1.107598
1604, -0.414223
1605, 0.002578
1606, -0.249905
1607, 2.133474
1608, 0.682581
1609, -0.018599
1610, -0.285745
1611, -0.549094
1612, 0.295244
1613, 0.789944
1614, -0.929536
1615, -0.537810
1616, -0.053953
1617, 1.356006
1618, -0.268310
1619, -1.162781
1620, 0.401838
1621, -0.348107
1622, 0.864222
1623, 0.877695
1624, 0.299922
1625, 0.033946
1626, -0.664387
1627, 1.136375
1628, 1.133707
1629, 0.484942
1630, -0.517795
1631, 0.915033
1632, -0.255451
1633, 0.755461
1634, 0.624965
1635, -0.405871
1636, 0.746726
1637, 0.484797
1638, 0.177480
1639, 0.052911
1640, -0.292684
1641, 1.264164
1642, 0.252130
1643, -0.520407
1644, -0.594573
1645, 0.219737
1646, -1.348617
1647, 0.165125
1648, 0.483824
1649, -0.014987
1650, -0.624442
1651, -0.160301
1652, -0.151879
1653, -0.180279
1654, 1.571581
1655, 0.951760
1656, 0.287475
1657, 0.647004
1658, -0.120903
1659, 0.089695
1660, 0.116422
1661, -0.463588
1662, -0.208007
1663, 0.622499
1664, -0.845579
1665, -0.611200
1666, 0.764787
1667, -0.998488
1668, -0.064164
1669, 0.564528
1670, 1.766049
1671, -0.148089
1672, -1.023579
1673, -0.000470
1674, -0.363009
1675, -0.049238
1676, -0.044226
1677, -1.665433
1678, -0.043714
1679, -0.007689
1680, -0.590043
1681, -0.743744
1682, 0.774646
1683, -0.184802
1684, -1.096659
1685, -0.286915
1686, 0.440123
1687, -1.419527
1688, -0.286307
1689, 0.022380
1690, 1.368698
1691, -0.282372
1692, 0.678168
1693, 0.016286
1694, 0.142319
1695, -0.501148
1696, 0.750442
1697, 0.066505
1698, -0.330357
1699, -1.075675
1700, -0.843724
1701, 0.072124
1702, 1.155811
1703, -0.622569
1704, -1.570375
1705, -0.778961
1706, 0.078643
1707, 0.250413
1708, -0.229939
1709, 1.325324
1710, 1.807324
1711, 0.086784
1712, 0.297195
1713, -0.115758
1714, -0.638956
1715, -0.229174
1716, -0.250746
1717, -1.305346
1718, -0.455790
1719, 0.150333
1720, -2.392332
1721, 0.077580
1722, -2.343250
1723, 0.945530
1724, -0.160752
1725, -0.374297
1726, 0.070488
1727, -0.359883
1728, -0.693597
1729, -0.498306
1730, 2.331452
1731, 0.591746
1732, 1.241030
1733, -0.210549
1734, 0.917206
1735, -0.868611
1736, -0.183606
1737, 2.075858
1738, 0.289898
1739, 1.450979
1740, 0.137607
1741, -0.869219
1742, 0.256353
1743, -0.417783
1744, 1.425027
1745, -0.054366
1746, -0.724676
1747, 1.061693
1748, -0.189923
1749, 0.266857
1750, 1.234294
1751, -1.036938
1752, 1.041777
1753, -0.381238
1754, 0.795007
1755, 1.916214
1756, 0.034812
1757, -0.330682
1758, -1.269133
1759, 0.242751
1760, 0.030809
1761, -0.081547
1762, -0.412542
1763, 0.370789
1764, 1.473523
1765, 1.271200
1766, -0.055664
1767, 0.685300
1768, -0.845039
1769, 1.487097
1770, 0.339955
1771, -0.048663
1772, -0.110080
1773, 0.783674
1774, -0.413503
1775, -1.317586
1776, 2.007255
1777, 0.374255
1778, 1.412089
1779, -0.224296
1780, 0.710549
1781, -0.518955
1782, 0.424755
1783, -0.152615
1784, -0.643213
1785, 0.625977
1786, -0.195414
1787, -3.160762
1788, 0.205726
1789, -0.394024
1790, -1.613473
1791, 1.096370
1792, 1.243657
1793, 0.955577
1794, 1.900949
1795, 0.001786
1796, -1.428108
1797, 0.090880
1798, -0.531060
1799, -0.494775
1800, 0.772291
1801, -0.218964
1802, 1.294842
1803, -0.152306
1804, 0.191796
1805, -0.823145
1806, -1.520167
1807, -0.857642
1808, 0.981205
1809, 0.358049
1810, 0.788828
1811, 0.447123
1812, -1.344280
1813, 0.337521
1814, -1.241374
1815, -0.532479
1816, 0.416436
1817, 0.064904
1818, 0.831192
1819, -1.292968
1820, 0.908513
1821, -0.210471
1822, 0.362645
1823, -0.184573
1824, -0.897565
1825, -1.033907
1826, -0.417132
1827, 0.188857
1828, 0.709310
1829, 0.498299
1830, 0.684553
1831, 0.739147
1832, 1.037418
1833, 0.707442
1834, 0.072664
1835, 1.428529
1836, 0.312388
1837, -0.019169
1838, -0.346133
1839, 0.759638
1840, 0.693839
1841, 1.411956
1842, 0.683923
1843, -0.151855
1844, 0.705634
1845, 0.908680
1846, -0.136426
1847, 0.042154
1848, -0.508734
1849, 1.544489
1850, -0.457108
1851, 0.498304
1852, 0.388049
1853, 0.594061
1854, 1.417630
1855, 0.345812
1856, 1.405751
1857, -1.138740
1858, -0.869272
1859, 0.501590
1860, -1.120567
1861, -1.409679
1862, -1.483345
1863, 0.663800
1864, -1.163439
1865, 0.570370
1866, -1.920937
1867, -1.358842
1868, 0.482614
1869, -0.223353
1870, 0.260287
1871, -0.009158
1872, -0.464174
1873, 0.378125
1874, 1.262942
1875, -3.511245
1876, 0.223372
1877, -1.746290
1878, -4.248315
1879, 1.781797
1880, -0.026844
1881, -1.640410
1882, 2.079780
1883, -0.658833
1884, 2.324478
1885, 0.110557
1886, -3.334174
1887, -1.005099
1888, 2.945589
1889, -0.506388
1890, 1.106115
1891, 0.746664
1892, -0.478669
1893, 1.016063
1894, 1.468356
1895, 0.210160
1896, 0.238297
1897, -1.106985
1898, -0.013363
1899, 0.023126
1900, 0.328048
1901, -0.648414
1902, -0.075914
1903, -1.002247
1904, -2.125129
1905, -2.648245
1906, 0.439611
1907, -0.128395
1908, 2.652440
1909, -0.368264
1910, -0.940497
1911, 0.493110
1912, -0.228447
1913, 1.299481
1914, 0.322328
1915, -0.393360
1916, -0.203267
1917, 0.465112
1918, -0.140618
1919, -0.304999
1920, -0.403563
1921, 1.332947
1922, 1.093179
1923, 0.081999
1924, -0.114158
1925, 0.620901
1926, 0.048851
1927, 1.232024
1928, 0.549978
1929, -0.183858
1930, -3.201271
1931, 1.295436
1932, -0.513945
1933, -0.086786
1934, -0.372788
1935, -1.248196
1936, 0.545404
1937, 1.654498
1938, 0.374215
1939, 0.600293
1940, 1.493206
1941, -0.237750
1942, -0.687927
1943, -0.047395
1944, 0.117872
1945, 0.011504
1946, -1.018094
1947, 0.590727
1948, -0.990267
1949, 1.245971
1950, 3.014329
1951, -0.008863
1952, -0.059577
1953, 0.176220
1954, -0.062265
1955, 0.371936
1956, -0.136879
1957, 0.645054
1958, -0.880329
1959, -0.030065
1960, 1.131766
1961, -0.058469
1962, -1.177252
1963, 1.778332
1964, 0.134767
1965, -0.315271
1966, 1.205799
1967, 0.113881
1968, 1.053717
1969, -1.066781
1970, -0.813130
1971, -0.310220
1972, 0.622371
1973, 0.012643
1974, 0.811902
1975, -0.528784
1976, 0.296747
1977, 0.083323
1978, -1.291708
1979, 0.373399
1980, -0.104396
1981, 0.914030
1982, 1.179836
1983, -0.574871
1984, 0.901770
1985, -0.087826
1986, -0.379057
1987, 0.322606
1988, -0.531627
1989, 0.952627
1990, 0.455439
1991, 0.285069
1992, 0.028385
1993, 0.026723
1994, 0.663914
1995, 0.534633
1996, 0.488789
1997, 0.577817
1998, 0.953098
1999, -0.709642
2000, 0.392884
2001, 1.251373
2002, 0.605863
2003, 0.439216
2004, -0.485288
2005, 1.096335
2006, -0.088518
2007, -0.653352
2008, -0.316645
2009, -2.017309
2010, -0.110745
2011, 0.404145
2012, 0.780840
2013, 1.138109
2014, -0.337591
2015, 0.651017
2016, -0.358378
2017, 0.413728
2018, -0.073963
2019, 1.056388
2020, 0.072338
2021, -0.003233
2022, 1.174070
2023, 1.240842
2024, -0.044187
2025, 0.217372
2026, -1.246958
2027, -1.261682
2028, 0.688923
2029, -1.174453
2030, -1.038771
2031, 1.879098
2032, 0.280737
2033, 0.110233
2034, 0.537725
2035, 0.781212
2036, -0.697894
2037, 0.030484
2038, 0.126108
2039, 1.059299
2040, -0.148320
2041, -1.292945
2042, -0.888980
2043, -0.153255
2044, -0.520290
2045, 0.024676
2046, 0.980194
2047, 0.078308
2048, 1.190140
2049, -0.326191
2050, -0.099872
2051, 0.220728
2052, -1.058206
2053, -0.508336
2054, 0.938627
2055, 1.162054
2056, 0.022278
2057, -2.825755
2058, -0.102882
2059, -0.529543
2060, -3.742915
2061, 1.450053
2062, 0.400346
2063, 1.242900
2064, -0.074863
2065, 0.805343
2066, 0.718953
2067, -1.480088
2068, 1.660311
2069, 0.309773
2070, 0.228762
2071, -0.016284
2072, 0.269254
2073, 0.859092
2074, 0.455669
2075, 0.235389
2076, -0.414455
2077, -0.726944
2078, 0.772842
2079, 0.459716
2080, 0.007356
2081, 0.607737
2082, 0.903830
2083, 0.649001
2084, -0.101408
2085, 0.448040
2086, -0.114417
2087, -0.902764
2088, 0.535096
2089, -0.019639
2090, -1.047424
2091, 0.553064
2092, -1.432907
2093, 0.685037
2094, 0.853491
2095, 0.431311
2096, -0.750279
2097, 0.192745
2098, -0.632747
2099, -0.930886
2100, 0.350711
2101, 0.298872
2102, 1.758622
2103, 0.610087
2104, -0.239425
2105, -0.532866
2106, 0.548387
2107, -0.806732
2108, -0.012202
2109, -0.691484
2110, 0.169780
2111, 0.618258
2112, -0.047524
2113, 1.337418
2114, 0.577774
2115, 0.404952
2116, -0.065436
2117, -0.686918
2118, -0.038603
2119, 0.302446
2120, -0.417406
2121, -0.029335
2122, 1.288528
2123, 0.544128
2124, 0.110913
2125, 0.128733
2126, 0.488052
2127, -0.652882
2128, 0.459840
2129, 0.376310
2130, -0.285176
2131, 1.250001
2132, 1.454551
2133, 2.125585
2134, 1.097662
2135, -0.063263
2136, -0.378459
2137, 1.432898
2138, -0.821551
2139, -0.242845
2140, 0.549625
2141, -0.108177
2142, 0.633555
2143, 0.634376
2144, 0.809008
2145, 0.879923
2146, 0.432079
2147, 1.975663
2148, 0.158914
2149, -0.999283
2150, 0.683030
2151, 1.249571
2152, -0.569932
2153, 0.981277
2154, -0.256369
2155, -0.126933
2156, 1.188497
2157, 0.372109
2158, 1.273077
2159, -0.040332
2160, -1.783446
2161, -4.224569
2162, -0.979123
2163, 2.366253
2164, -4.257127
2165, 0.660040
2166, 1.198248
2167, -1.281655
2168, -0.888195
2169, 2.675939
2170, 0.913681
2171, -2.736589
2172, 0.085654
2173, -0.312900
2174, -3.568066
2175, -4.557991
2176, -1.354408
2177, 5.257043
2178, -0.428860
2179, 0.169594
2180, 2.818404
2181, -0.489531
2182, 0.324738
2183, 0.105984
2184, -0.965105
2185, 1.479640
2186, 2.405027
2187, -0.024493
2188, -0.634524
2189, -0.102320
2190, 1.158085
2191, 0.011090
2192, -0.892651
2193, 0.733308
2194, 0.166609
2195, -1.005753
2196, 1.167303
2197, -1.458430
2198, 0.297419
2199, 0.634636
2200, 1.360899
2201, 1.671448
2202, 1.687070
2203, -0.018059
2204, 0.686043
2205, 0.126418
2206, 1.420140
2207, 0.798275
2208, -0.749273
2209, -0.105221
2210, 1.038861
2211, -0.795911
2212, 0.600011
2213, -2.074725
2214, 0.231454
2215, 0.777648
2216, -0.315977
2217, 0.783400
2218, -0.263047
2219, -2.612332
2220, 1.514428
2221, -0.629000
2222, 1.330563
2223, 0.661040
2224, 1.851942
2225, -0.529568
2226, -0.477150
2227, -1.165026
2228, -3.387500
2229, 0.382936
2230, -0.169736
2231, 0.079847
2232, -3.899263
2233, 0.373032
2234, -3.347594
2235, 0.652780
2236, 2.471809
2237, -0.419549
2238, -1.578703
2239, -0.959632
2240, 0.001728
2241, -2.266481
2242, 0.179866
2243, -1.849196
2244, 2.231186
2245, -1.788979
2246, -1.187952
2247, 2.063372
2248, 1.649929
2249, -0.029815
2250, 0.785662
2251, 0.296719
2252, 0.201223
2253, 0.321701
2254, -1.425643
2255, 0.468712
2256, -1.707390
2257, -3.567256
2258, -0.853327
2259, -3.538152
2260, -0.299584
2261, 2.650310
2262, -1.961866
2263, 1.073681
2264, 2.443386
2265, 0.388299
2266, -0.130769
2267, 1.928917
2268, 1.001116
2269, 1.302020
2270, -2.154056
2271, -1.668259
2272, 0.450869
2273, -4.108088
2274, 1.008959
2275, 1.533987
2276, -0.343720
2277, -0.347016
2278, 1.794675
2279, 3.125134
2280, -2.957702
2281, -0.952499
2282, 1.024732
2283, -0.909630
2284, -6.513280
2285, -2.289118
2286, 1.466578
2287, 2.960470
2288, -3.279243
2289, 1.210694
2290, -0.434506
2291, -0.296547
2292, 2.032407
2293, -1.572715
2294, -0.036408
2295, 4.168306
2296, 0.140999
2297, 0.184476
2298, 1.691949
2299, -1.619309
2300, 2.425242
2301, 0.281724
2302, 2.190237
2303, 0.257775
2304, 1.858644
2305, -0.582835
2306, -1.781698
2307, 2.508087
2308, 0.163398
2309, 2.059064
2310, -1.469746
2311, -2.719490
2312, 0.990798
2313, 0.640689
2314, -2.659182
2315, -0.604068
2316, -1.910581
2317, 0.654054
2318, 1.508224
2319, 1.934995
2320, 2.247284
2321, 3.992497
2322, -0.792524
2323, -0.307785
2324, -1.848422
2325, 0.203696
2326, -0.590133
2327, -1.783242
2328, 2.204349
2329, -0.104354
2330, 1.552405
2331, -0.652249
2332, -0.056729
2333, 1.862844
2334, 0.908102
2335, -0.189683
2336, 0.360971
2337, 1.582784
2338, 0.269026
2339, -0.176999
2340, 0.098960
2341, -0.507193
2342, -0.318238
2343, -0.201588
2344, -0.472730
2345, 1.472648
2346, -2.069034
2347, 0.316923
2348, 0.490027
2349, -1.411928
2350, 0.229714
2351, 0.778674
2352, -0.669031
2353, -0.837185
2354, 0.428325
2355, 1.806105
2356, 0.321374
2357, 1.538629
2358, 0.439327
2359, 1.063234
2360, -2.434697
2361, -0.587944
2362, -0.083633
2363, -1.923839
2364, -1.436377
2365, 0.810305
2366, -1.283379
2367, 0.221447
2368, -0.758096
2369, 1.222752
2370, -1.662451
2371, 0.563790
2372, 1.282598
2373, 0.078847
2374, -1.799699
2375, -2.537972
2376, -0.291637
2377, -3.394368
2378, 0.536819
2379, 0.791799
2380, 0.391933
2381, 0.192519
2382, -2.066789
2383, -1.805476
2384, -0.328380
2385, -1.756747
2386, 1.511220
2387, -0.550728
2388, -3.367214
2389, -0.334095
2390, -1.535979
2391, -0.730564
2392, 0.547196
2393, -2.240841
2394, 1.559126
2395, -3.940276
2396, -0.051050
2397, 0.388749
2398, 2.390028
2399, -1.211910
2400, -4.509177
2401, -1.808541
2402, 3.932114
2403, -2.282454
2404, 3.966798
2405, -0.282542
2406, 3.455875
2407, 0.796872
2408, -1.824899
2409, -3.029603
2410, 0.796639
2411, -0.654706
2412, -0.306376
2413, -0.359584
2414, -2.349886
2415, 3.123844
2416, -0.023626
2417, 2.625922
2418, 1.617136
2419, -0.434366
2420, -0.020017
2421, 0.462540
2422, -1.768615
2423, -2.720211
2424, -0.316252
2425, 0.892729
2426, -1.738698
2427, -0.098866
2428, 1.722891
2429, -0.940444
2430, 1.670878
2431, -0.672224
2432, 0.181136
2433, -3.307073
2434, -1.662535
2435, -1.714822
2436, -2.616581
2437, -1.642852
2438, 5.571498
2439, -3.513003
2440, 0.517373
2441, -3.190766
2442, 0.939387
2443, -4.091952
2444, -4.888268
2445, 0.769205
2446, -2.739589
2447, 5.821214
2448, 2.348594
2449, 1.171898
2450, -0.802464
2451, -1.170303
2452, -2.164720
2453, -3.547439
2454, 0.782091
2455, -1.045973
2456, 0.675173
2457, -4.119131
2458, 0.344370
2459, -5.760716
2460, -1.453788
2461, -2.149215
2462, 5.400323
2463, -0.856080
2464, -3.245931
2465, -2.276806
2466, -0.575760
2467, 0.220607
2468, -1.621172
2469, -2.716248
2470, -3.189720
2471, -4.645582
2472, 0.757980
2473, 0.148865
2474, 6.288863
2475, 3.993048
2476, 2.554069
2477, -0.048648
2478, -0.287824
2479, -5.707617
2480, 1.027030
2481, -0.043439
2482, -2.145447
2483, -0.495842
2484, -3.850879
2485, 0.335074
2486, -0.289712
2487, -3.032119
2488, -0.489875
2489, -4.532118
2490, 1.984631
2491, -0.253171
2492, 2.546544
2493, 0.124458
2494, 4.259329
2495, 0.151333
2496, 1.298960
2497, -3.573144
2498, -1.141157
2499, -1.214229
2500, -0.702474
2501, 4.574125
2502, 1.229650
2503, 4.163294
2504, -0.070833
2505, -3.743902
2506, 2.955635
2507, 0.068708
2508, 0.674263
2509, 1.006665
2510, -0.006177
2511, -3.386502
2512, -2.859196
2513, 0.391070
2514, -0.217947
2515, 0.263513
2516, -0.201578
2517, 3.914713
2518, 0.047504
2519, 2.332496
2520, 0.616179
2521, 1.323811
2522, -5.303935
2523, -0.728649
2524, -0.781968
2525, -0.305090
2526, 1.761602
2527, -0.240272
2528, -4.438822
2529, 0.762133
2530, 0.284815
2531, 0.015116
2532, -2.843069
2533, 0.126337
2534, 0.282723
2535, 2.648604
2536, 0.392425
2537, -0.608660
2538, 2.475219
2539, 0.522002
2540, 0.701065
2541, 1.101390
2542, -2.393601
2543, 2.822842
2544, -0.027001
2545, -2.166725
2546, 0.146712
2547, 0.678023
2548, -2.029866
2549, 0.920454
2550, -1.063027
2551, 1.434705
2552, 0.552324
2553, 0.854033
2554, -2.881626
2555, 0.214875
2556, 2.391699
2557, 2.109032
2558, 0.354309
2559, -0.545596
2560, 0.924325
2561, 1.904081
2562, -0.111556
2563, 3.002114
2564, 1.509580
2565, 1.409485
2566, 0.121990
2567, -0.230013
2568, -1.475596
2569, 3.276349
2570, 2.302807
2571, 1.987723
2572, 0.751537
2573, 0.076858
2574, -3.425344
2575, 0.092008
2576, 1.988355
2577, 2.998052
2578, 1.020319
2579, 0.480864
2580, 0.371296
2581, -2.390059
2582, 4.119363
2583, 2.014185
2584, 1.308899
2585, 0.598193
2586, -0.296809
2587, 2.076188
2588, -4.031735
2589, 0.456616
2590, 1.725283
2591, 0.079913
2592, -0.184672
2593, 0.094124
2594, -2.988044
2595, -1.898669
2596, 0.309645
2597, 6.742179
2598, 5.637481
2599, 0.782573
2600, 2.927300
2601, 0.093959
2602, 0.167355
2603, 0.966453
2604, -3.233546
2605, 0.817561
2606, -1.865341
2607, 1.962864
2608, 1.367218
2609, 1.182460
2610, 0.721649
2611, 0.226594
2612, 0.275049
2613, -0.042005
2614, -0.762496
2615, 3.102298
2616, 0.923889
2617, -0.072188
2618, -0.804999
2619, -1.553428
2620, -0.279396
2621, 1.324644
2622, -3.335696
2623, -3.223135
2624, 0.746447
2625, 1.626363
2626, -1.814120
2627, -3.453196
2628, -0.076298
2629, -0.400269
2630, -0.829257
2631, 1.409709
2632, 1.766287
2633, -2.266760
2634, 2.946525
2635, 1.215189
2636, 0.092139
2637, -1.120280
2638, 0.641669
2639, 2.282437
2640, 1.346107
2641, -0.031946
2642, -0.232394
2643, 0.982119
2644, -0.701094
2645, 1.200335
2646, 0.321272
2647, -3.530945
2648, 1.662731
2649, 1.493958
2650, 0.618823
2651, 1.042579
2652, 1.282588
2653, 0.208680
2654, 0.459923
2655, -0.063562
2656, -0.108869
2657, 0.790876
2658, 1.624829
2659, -0.826026
2660, -0.797896
2661, 0.720068
2662, -0.296706
2663, -1.428995
2664, -1.547326
2665, 0.298033
2666, 0.207028
2667, 0.379929
2668, -0.146475
2669, 1.972198
2670, 0.491119
2671, -1.947943
2672, -2.048963
2673, -0.017526
2674, -0.815340
2675, -1.164820
2676, 2.756657
2677, -0.421745
2678, -1.324638
2679, -0.423562
2680, 1.780219
2681, 0.236275
2682, 2.839165
2683, 0.285195
2684, 0.921621
2685, 0.682370
2686, 0.999003
2687, 1.237440
2688, -0.865055
2689, 1.122095
2690, 0.069012
2691, -1.092933
2692, 1.230682
2693, 1.279290
2694, 0.498102
2695, 0.658660
2696, -0.320067
2697, -0.445587
2698, -1.235368
2699, -0.712237
2700, 0.286720
2701, -0.825162
2702, 1.995577
2703, 1.065817
2704, 0.481012
2705, -1.768123
2706, 0.352137
2707, 1.318503
2708, 0.963502
2709, -1.384606
2710, 0.914930
2711, 0.368729
2712, -0.043159
2713, 1.305189
2714, 0.190365
2715, 0.060957
2716, 0.469469
2717, 0.028382
2718, -0.670921
2719, -1.214958
2720, 0.543512
2721, 0.249958
2722, -0.144228
2723, -1.611395
2724, -2.366090
2725, -0.212217
2726, -0.066757
2727, -0.167003
2728, 1.967928
2729, -0.663985
2730, 0.614631
2731, 0.986862
2732, 0.753513
2733, 0.982025
2734, 0.037428
2735, -0.069092
2736, 1.657398
2737, -0.763152
2738, 0.432938
2739, -0.086395
2740, -0.992399
2741, 0.054406
2742, 0.356569
2743, 0.541184
2744, -0.221110
2745, -3.207712
2746, 1.218811
2747, 0.883911
2748, 0.371148
2749, 0.091825
2750, -0.439316
2751, 1.630264
2752, -0.089124
2753, 0.369559
2754, -1.532686
2755, 1.525936
2756, 0.308657
2757, -0.147203
2758, -0.717504
2759, -0.121652
2760, 0.148021
2761, 0.433861
2762, 0.882594
2763, 0.579175
2764, 0.785167
2765, 0.113643
2766, 1.064899
2767, -0.045424
2768, 0.725742
2769, 0.934756
2770, 0.241081
2771, 0.043251
2772, 1.415349
2773, -1.083143
2774, 0.527835
2775, 0.518301
2776, -0.173598
2777, -1.357624
2778, 1.139746
2779, 0.807119
2780, -0.228195
2781, -1.065266
2782, -0.340284
2783, -1.131989
2784, -2.467559
2785, -0.685226
2786, -3.482540
2787, -0.510343
2788, 1.779755
2789, -0.703612
2790, -1.515227
2791, -1.263311
2792, 1.593220
2793, -0.078697
2794, -4.298704
2795, -0.068719
2796, 0.041731
2797, 2.011674
2798, 1.097671
2799, 1.588317
2800, 0.494706
2801, -0.892011
2802, -1.364070
2803, 0.123065
2804, 1.904896
2805, 0.262215
2806, 0.419868
2807, -0.782749
2808, 1.274274
2809, 1.252371
2810, 0.107185
2811, 0.109258
2812, -0.378194
2813, -0.017162
2814, -1.463670
2815, 0.795162
2816, 1.977876
2817, 0.490581
2818, 0.146709
2819, -0.784131
2820, -0.307683
2821, 0.138763
2822, 0.196735
2823, 0.494508
2824, 0.896169
2825, 0.185846
2826, -0.529501
2827, 1.174612
2828, 0.160238
2829, 0.793927
2830, 0.397174
2831, -0.790221
2832, 0.427298
2833, 0.317844
2834, -1.084291
2835, 0.839381
2836, 0.923908
2837, -0.738747
2838, -3.172629
2839, 0.588219
2840, 1.140572
2841, -0.148175
2842, 0.328375
2843, 1.914455
2844, -0.143415
2845, -0.796544
2846, -0.340281
2847, -0.618322
2848, -0.650654
2849, -0.269109
2850, -2.948894
2851, -1.525549
2852, -0.163336
2853, 1.290190
2854, -0.734403
2855, -0.075443
2856, 2.208031
2857, 0.020076
2858, -2.231177
2859, -0.176609
2860, -0.344614
2861, -1.782341
2862, -2.514941
2863, 1.174681
2864, -3.227758
2865, 1.142757
2866, 1.057713
2867, 0.720128
2868, 1.078225
2869, -1.147955
2870, -1.284343
2871, 2.287057
2872, -0.213171
2873, -2.542824
2874, -0.081589
2875, -1.123044
2876, 1.556917
2877, 1.639150
2878, 1.204331
2879, 0.902347
2880, 0.828005
2881, -0.301632
2882, 1.901080
2883, -0.299651
2884, -0.401041
2885, 0.102082
2886, -1.517545
2887, 0.348910
2888, -1.029492
2889, -1.268931
2890, -1.027510
2891, 1.057063
2892, 1.489891
2893, 1.458610
2894, -0.185733
2895, 0.987330
2896, 0.504675
2897, -0.100690
2898, -0.551472
2899, 1.541181
2900, -0.129496
2901, -0.518527
2902, -0.192313
2903, 0.813090
2904, -0.139263
2905, -0.453820
2906, 1.237618
2907, 0.337962
2908, -0.506456
2909, 0.474961
2910, 0.182150
2911, -0.491859
2912, 1.946363
2913, 0.579523
2914, 0.190134
2915, -0.449160
2916, 0.333256
2917, 0.893976
2918, -0.718776
2919, -1.024353
2920, -0.826343
2921, 0.789165
2922, 0.629025
2923, -0.127562
2924, -0.088134
2925, 0.061079
2926, -0.020558
2927, 0.613323
2928, -0.442456
2929, -2.564781
2930, -0.610574
2931, 0.431354
2932, 0.236828
2933, -1.613703
2934, 0.682354
2935, 0.685554
2936, 1.416818
2937, 0.775714
2938, -0.083006
2939, -0.419690
2940, -0.200858
2941, 0.696442
2942, 2.549901
2943, 0.510425
2944, 0.383887
2945, -0.784804
2946, 0.723232
2947, 0.350930
2948, 0.115305
2949, 0.074911
2950, -0.437913
2951, 0.305145
2952, -0.025636
2953, 0.628248
2954, -0.037739
2955, 0.077691
2956, 0.023289
2957, -0.553838
2958, 1.019459
2959, -0.001328
2960, -0.479604
2961, -0.817909
2962, -1.058365
2963, 0.203208
2964, 1.341983
2965, -0.123548
2966, -1.764226
2967, -0.177532
2968, 0.974245
2969, 0.081358
2970, 0.452945
2971, 1.700771
2972, 0.436380
2973, -0.625537
2974, 0.759977
2975, -0.801527
2976, 1.118125
2977, -0.417554
2978, -0.609484
2979, 0.771049
2980, 1.094660
2981, -0.222029
2982, 0.178517
2983, 0.059202
2984, -0.161881
2985, -1.432982
2986, -0.906680
2987, 0.868378
2988, -0.681768
2989, 0.338076
2990, 0.273678
2991, 0.828185
2992, -0.552603
2993, -0.379174
2994, 0.638058
2995, -0.453174
2996, 0.661923
2997, 0.063462
2998, 1.763277
2999, 0.770647
3000, 0.445388
3001, 0.907003
3002, 0.024821
3003, -0.006893
3004, 0.575037
3005, -0.399939
3006, 0.203697
3007, 0.043953
3008, 0.186261
3009, 0.291091
3010, 0.406504
3011, -0.557729
3012, 0.673644
3013, 0.370421
3014, 0.433159
3015, -0.424436
3016, 0.352214
3017, -0.242344
3018, -0.049714
3019, 0.468739
3020, 0.725086
3021, 0.588465
3022, -0.311458
3023, -1.676968
3024, 0.417123
3025, -1.131235
3026, 0.400332
3027, 1.286931
3028, 0.376650
3029, 0.118015
3030, -0.034204
3031, -0.528503
3032, 0.704867
3033, 1.090565
3034, -0.702728
3035, -0.751371
3036, -0.073595
3037, 0.487271
3038, 0.714016
3039, 0.516145
3040, 0.472626
3041, -0.370571
3042, -1.148444
3043, -1.890345
3044, -2.565478
3045, 0.878179
3046, 0.419782
3047, -0.102844
3048, -0.333756
3049, 1.842034
3050, -0.052240
3051, -1.872903
3052, -1.668613
3053, 0.148905
3054, 0.679144
3055, 1.487386
3056, -1.233564
3057, 1.374378
3058, 0.526757
3059, -0.803811
3060, 0.389727
3061, 0.025950
3062, -1.224226
3063, -0.868690
3064, -0.557902
3065, -3.347879
3066, 1.090497
3067, -0.503209
3068, 1.352942
3069, 0.869115
3070, 0.476280
3071, 0.435353
3072, 0.366527
3073, 0.396320
3074, -0.665823
3075, 0.508707
3076, 0.578603
3077, 0.427813
3078, 0.251402
3079, 1.686936
3080, 0.561908
3081, -0.080659
3082, -0.160436
3083, -1.663012
3084, 0.545199
3085, 0.256600
3086, -0.961179
3087, -0.041752
3088, -0.871308
3089, 2.022677
3090, 1.638096
3091, 0.131508
3092, -0.208263
3093, -0.029160
3094, 1.129955
3095, -0.093709
3096, -0.363907
3097, -0.685956
3098, 0.014196
3099, 0.796437
3100, -0.458829
3101, 0.648864
3102, -0.135023
3103, -0.031917
3104, 0.147222
3105, -0.299656
3106, -1.053671
3107, -0.309929
3108, 0.683807
3109, -0.580894
3110, -0.628031
3111, -1.013010
3112, 0.104030
3113, -0.337117
3114, 0.702525
3115, 0.245779
3116, 0.155278
3117, 1.871781
3118, 0.817792
3119, -0.783351
3120, 0.610809
3121, 0.119607
3122, -0.547305
3123, -0.073161
3124, -1.812255
3125, -1.412905
3126, 1.334336
3127, 0.025370
3128, -2.004427
3129, -0.211799
3130, -1.220690
3131, 0.784697
3132, 0.272401
3133, -0.623591
3134, -0.402111
3135, -0.382874
3136, -0.250584
3137, 1.114773
3138, 0.923906
3139, 1.008137
3140, 0.399322
3141, 0.110773
3142, 0.455351
3143, -0.578167
3144, -0.272072
3145, -0.956621
3146, -2.017575
3147, -0.034743
3148, -0.079052
3149, 1.103126
3150, -0.423795
3151, -0.163962
3152, 2.130313
3153, 0.126003
3154, 0.552704
3155, -0.933337
3156, 1.275176
3157, 0.264378
3158, -0.570344
3159, -1.403185
3160, 0.661717
3161, -1.340707
3162, -1.489390
3163, -1.650613
3164, -5.580437
3165, -3.824335
3166, -0.790171
3167, 3.245644
3168, -0.222716
3169, -1.063208
3170, 2.387973
3171, -0.266005
3172, -0.728721
3173, -1.637741
3174, -3.572043
3175, -0.413593
3176, 3.249738
3177, -0.626471
3178, -1.226987
3179, 0.461889
3180, 1.785201
3181, 0.899708
3182, 1.244672
3183, 0.211849
3184, -0.009023
3185, -2.649071
3186, -2.441611
3187, 2.196496
3188, 0.257139
3189, 0.824019
3190, -2.880205
3191, -2.203922
3192, 2.174872
3193, 2.595834
3194, -1.273788
3195, 0.160008
3196, 0.574281
3197, -3.057108
3198, -3.549107
3199, -2.399868
3200, 3.094755
3201, 0.804378
3202, 0.498532
3203, 0.595466
3204, -2.925936
3205, 0.483321
3206, -0.833160
3207, 2.043882
3208, 1.121144
3209, 2.589449
3210, -0.221120
3211, 0.622837
3212, -0.945704
3213, 1.400365
3214, -1.362262
3215, -0.083022
3216, -1.482994
3217, 0.140662
3218, 2.974563
3219, 0.279908
3220, 0.595498
3221, 0.390004
3222, 0.672156
3223, -0.372502
3224, 0.452312
3225, -0.309105
3226, -1.818002
3227, 1.915738
3228, 0.243186
3229, -0.274610
3230, -0.512184
3231, -3.348118
3232, 0.801923
3233, 2.149501
3234, -0.459628
3235, -1.382181
3236, 0.003926
3237, -2.084921
3238, -2.642325
3239, -0.605029
3240, -2.765702
3241, 0.851548
3242, -1.163541
3243, 1.684128
3244, 1.302694
3245, -1.209533
3246, 3.976901
3247, -0.529484
3248, -0.596582
3249, -1.997723
3250, 1.102888
3251, -0.712356
3252, -1.283135
3253, 0.808611
3254, -0.758810
3255, 0.380783
3256, -2.282100
3257, 0.303049
3258, -2.236669
3259, 0.441860
3260, 4.560354
3261, -0.001866
3262, 2.072534
3263, -0.255248
3264, -0.106449
3265, -0.400281
3266, 0.257203
3267, -0.038729
3268, -1.694975
3269, 1.455221
3270, 0.419515
3271, 0.676129
3272, -0.145144
3273, -0.385787
3274, 1.210059
3275, 0.130104
3276, -0.022676
3277, -0.070131
3278, -1.085004
3279, 1.653523
3280, 0.174628
3281, 2.401541
3282, 1.480544
3283, 0.427427
3284, 1.367693
3285, 0.294415
3286, 0.863193
3287, -0.688003
3288, 0.253122
3289, 2.107963
3290, 0.519320
3291, -0.613214
3292, 0.644089
3293, -0.364341
3294, 1.536768
3295, -1.693141
3296, 0.313354
3297, 0.765863
3298, -0.418866
3299, 1.012182
3300, -0.804581
3301, 0.277676
3302, 2.036601
3303, -0.038171
3304, 0.316567
3305, -0.363456
3306, -1.351911
3307, -0.834131
3308, -0.439533
3309, 1.030990
3310, 0.393885
3311, -1.103542
3312, 1.311376
3313, 1.167277
3314, -0.044799
3315, -0.821018
3316, -0.136810
3317, -0.885389
3318, 0.115895
3319, 0.977206
3320, 0.206825
3321, -1.349452
3322, 0.776141
3323, 0.107230
3324, -2.057832
3325, 0.766450
3326, -0.883651
3327, -1.297867
3328, -1.559494
3329, 0.869654
3330, -1.367589
3331, 0.523756
3332, 0.209275
3333, 0.081628
3334, 1.635799
3335, -0.749974
3336, -1.862776
3337, 0.252179
3338, 0.232610
3339, -1.515738
3340, -0.347136
3341, 0.237265
3342, 0.857999
3343, -0.553074
3344, -0.543121
3345, 0.283671
3346, 2.333998
3347, -0.225093
3348, 0.540764
3349, -2.114934
3350, 0.101219
3351, -0.927679
3352, 0.111026
3353, -1.104221
3354, -0.326831
3355, 0.250231
3356, -2.177905
3357, 1.689112
3358, -2.794433
3359, 0.573890
3360, 1.149296
3361, -1.747655
3362, -0.319821
3363, -0.747520
3364, 0.910257
3365, 2.890835
3366, -1.096252
3367, 0.546696
3368, -2.676299
3369, -2.975335
3370, 1.534376
3371, 0.795663
3372, 0.342396
3373, -1.139216
3374, 1.722658
3375, -0.676242
3376, 0.236847
3377, -0.193685
3378, 1.141044
3379, 1.756190
3380, -0.114949
3381, 0.845578
3382, -0.757775
3383, -0.783069
3384, -0.770834
3385, -0.396993
3386, 0.631556
3387, -0.186551
3388, 1.766763
3389, 0.669930
3390, 0.996575
3391, 0.057021
3392, -0.468974
3393, -0.259753
3394, -0.795675
3395, -0.801783
3396, 0.090466
3397, -1.749539
3398, -0.373864
3399, -0.200302
3400, 0.521295
3401, -1.093728
3402, 1.411821
3403, 0.225360
3404, -1.897503
3405, -0.289953
3406, -0.416931
3407, -0.120932
3408, 2.206381
3409, 0.482701
3410, 1.559043
3411, -0.034798
3412, -0.694143
3413, 0.953514
3414, 0.125303
3415, 0.333632
3416, 1.556053
3417, 0.099816
3418, -0.064775
3419, 0.577572
3420, -0.153892
3421, 0.300894
3422, -0.297588
3423, -0.482196
3424, 1.007816
3425, -0.136276
3426, 0.114586
3427, -0.368279
3428, -0.124506
3429, -1.423097
3430, 0.396770
3431, -0.266670
3432, 0.347558
3433, 0.722855
3434, 0.011006
3435, -1.126105
3436, -0.552702
3437, 1.340163
3438, 0.778865
3439, 0.031940
3440, 1.139860
3441, 0.110297
3442, 2.101256
3443, 0.312353
3444, -0.360206
3445, 0.616090
3446, -0.698543
3447, 0.349917
3448, 0.176799
3449, -0.439865
3450, -0.833966
3451, 0.184755
3452, 0.408131
3453, -0.511201
3454, 0.559687
3455, -0.441138
3456, -0.029800
3457, 0.108170
3458, -0.972089
3459, -0.313555
3460, -1.847864
3461, -0.197001
3462, -0.243914
3463, 0.702530
3464, -0.088609
3465, 0.013531
3466, -0.758833
3467, -0.482132
3468, -0.482298
3469, -0.308008
3470, -0.721816
3471, -1.762856
3472, -0.594192
3473, 1.282068
3474, -0.230279
3475, 0.189644
3476, 0.429409
3477, -0.348244
3478, 0.714230
3479, 0.697834
3480, -0.611348
3481, 0.698503
3482, -0.349228
3483, -1.812115
3484, 0.332117
3485, -0.222214
3486, -0.192753
3487, -0.014446
3488, 0.234674
3489, -0.801593
3490, 0.243634
3491, 3.099598
3492, 1.110564
3493, 0.308207
3494, 0.063659
3495, 0.922941
3496, 1.021117
3497, 0.260416
3498, 0.014079
3499, 0.632418
3500, -0.337166
3501, 0.249237
3502, -0.428669
3503, 0.055063
3504, 1.004769
3505, 0.869939
3506, -0.751828
3507, -0.876634
3508, 0.163275
3509, 0.441276
3510, -1.068190
3511, -0.994410
3512, 0.268753
3513, -0.061272
3514, 1.340982
3515, -0.031166
3516, 0.186267
3517, 0.667982
3518, 1.035392
3519, 0.740691
3520, -0.393654
3521, -0.652063
3522, -0.431072
3523, 0.219901
3524, 0.943318
3525, 0.096139
3526, 0.061644
3527, -0.753454
3528, -0.831807
3529, -1.088121
3530, 1.526001
3531, -0.102808
3532, 0.442464
3533, -0.192290
3534, -0.622274
3535, -0.304184
3536, 0.548577
3537, 1.131999
3538, 0.397078
3539, 0.217542
3540, 0.075796
3541, 0.855273
3542, -0.457141
3543, 0.249907
3544, 0.466443
3545, 0.218417
3546, 0.856940
3547, -0.892254
3548, -0.122401
3549, 0.492846
3550, -0.490930
3551, -0.840245
3552, 0.216727
3553, 0.843887
3554, -1.221526
3555, 0.830903
3556, 0.221740
3557, 0.128423
3558, 0.686263
3559, 0.294193
3560, -0.547475
3561, 0.010007
3562, -0.547182
3563, -0.305215
3564, -1.465155
3565, 0.347316
3566, -0.515917
3567, 0.177096
3568, -0.199953
3569, 0.768321
3570, 0.003055
3571, 0.480630
3572, -0.345067
3573, 0.657567
3574, -0.244614
3575, 0.176473
3576, 0.368626
3577, -2.386699
3578, -0.312791
3579, 0.313901
3580, 1.356671
3581, -0.462587
3582, -0.742812
3583, 0.483285
3584, 0.102807
3585, -0.226916
3586, 1.789805
3587, 0.499067
3588, -0.346408
3589, 1.019040
3590, -0.024428
3591, 0.003864
3592, 0.095736
3593, 0.796041
3594, 0.430584
3595, 0.080212
3596, 0.418191
3597, -0.073326
3598, 1.274400
3599, 0.227408
3600, -0.067947
3601, -0.385737
3602, 0.042433
3603, 0.809155
3604, 0.859040
3605, -0.260547
3606, 0.105877
3607, 0.071624
3608, 0.188356
3609, -1.917050
3610, -0.340502
3611, 0.856539
3612, -0.205915
3613, 0.905840
3614, -1.134698
3615, 0.139629
3616, -0.651500
3617, -0.119497
3618, -0.113658
3619, -1.048288
3620, -0.011610
3621, 0.807269
3622, -0.544081
3623, -2.026700
3624, -0.175058
3625, 0.694782
3626, 0.226827
3627, -0.045313
3628, -1.354749
3629, -1.336893
3630, -0.452696
3631, -1.221960
3632, 1.586407
3633, 1.272994
3634, 2.261698
3635, -0.325097
3636, -0.250622
3637, -1.302917
3638, -0.223727
3639, 1.369443
3640, -1.443172
3641, 1.075784
3642, 0.508206
3643, 2.095064
3644, 0.500639
3645, 0.415912
3646, 0.065781
3647, -0.014043
3648, -0.775764
3649, -1.621134
3650, 0.538574
3651, 1.347242
3652, -0.224720
3653, -0.397868
3654, -0.173698
3655, -0.796378
3656, 0.977797
3657, -0.681199
3658, -0.637893
3659, 0.541942
3660, 0.478402
3661, -1.225268
3662, -1.463134
3663, -0.171942
3664, -0.651646
3665, 0.601313
3666, 1.048792
3667, -0.437501
3668, -0.805777
3669, 0.478493
3670, -0.312808
3671, -0.855167
3672, -0.233254
3673, 0.754123
3674, 0.275107
3675, -0.938952
3676, 0.047309
3677, 1.190102
3678, 1.316424
3679, 0.211546
3680, 0.615883
3681, -0.060952
3682, 1.059697
3683, -0.059982
3684, 0.341858
3685, 0.203366
3686, 0.002680
3687, 0.199416
3688, -0.694924
3689, -0.314880
3690, 1.386064
3691, -0.067350
3692, -0.492134
3693, 1.018981
3694, 0.075849
3695, -0.183393
3696, -1.197745
3697, 0.562026
3698, -0.690222
3699, 0.160879
3700, 0.360326
3701, 1.734311
3702, 0.066156
3703, -0.369297
3704, 0.503860
3705, -0.369165
3706, 0.055604
3707, -0.903182
3708, 1.135128
3709, -0.426631
3710, 0.510071
3711, 0.794180
3712, -0.259087
3713, -0.012471
3714, -0.292816
3715, 0.239468
3716, -0.797507
3717, 0.733351
3718, 0.156402
3719, 0.523455
3720, -0.177199
3721, -0.732302
3722, -0.405809
3723, -1.100532
3724, 0.239283
3725, 0.021009
3726, -0.653330
3727, -0.571474
3728, 0.155208
3729, -1.110398
3730, 0.378196
3731, 0.518875
3732, 0.175367
3733, 0.839289
3734, -0.674922
3735, -1.279914
3736, 0.213965
3737, 0.871405
3738, 0.739053
3739, 0.580260
3740, 0.802205
3741, 0.530946
3742, 0.092544
3743, -0.262163
3744, 0.303245
3745, -0.504395
3746, -0.093367
3747, 0.919008
3748, -0.014565
3749, -0.113935
3750, -0.858928
3751, 0.186693
3752, -0.752900
3753, 0.469817
3754, -0.046570
3755, 0.699003
3756, 0.013441
3757, 0.570016
3758, -0.070597
3759, 0.204367
3760, 0.214106
3761, 0.579197
3762, 1.035613
3763, -0.138228
3764, 0.011961
3765, -0.766324
3766, -0.544431
3767, 0.144588
3768, 0.513492
3769, -0.483052
3770, 0.172291
3771, 0.432038
3772, -0.210829
3773, 0.636513
3774, 0.111130
3775, -0.187062
3776, 0.297348
3777, -0.251231
3778, 0.295352
3779, -0.350133
3780, 0.037347
3781, -1.578682
3782, -2.340778
3783, 0.563012
3784, 0.918541
3785, 0.054844
3786, 0.460084
3787, 0.952606
3788, -0.507234
3789, 0.543005
3790, 0.068948
3791, 0.430539
3792, 0.242864
3793, -0.610819
3794, 0.906081
3795, -0.479547
3796, 0.175338
3797, 0.294323
3798, 0.450188
3799, -0.435206
3800, -0.551501
3801, 0.916356
3802, 0.936646
3803, 0.001951
3804, -0.559103
3805, 0.428032
3806, -0.202245
3807, 0.726102
3808, -0.687717
3809, 0.143537
3810, 0.365973
3811, -0.486490
3812, -1.060250
3813, -0.234491
3814, 0.328896
3815, 0.975204
3816, 0.552058
3817, 0.484133
3818, -0.056153
3819, 0.850633
3820, 0.269739
3821, 0.364020
3822, -0.189884
3823, -0.136130
3824, 0.133049
3825, 0.476134
3826, 0.196292
3827, -0.447581
3828, -0.568362
3829, 0.669382
3830, 0.079738
3831, 0.227929
3832, 0.251561
3833, -0.172528
3834, 0.262758
3835, -0.198224
3836, -0.128057
3837, -1.915275
3838, 0.405625
3839, 0.708309
3840, -0.909254
3841, 0.863112
3842, 0.035073
3843, 0.473032
3844, -0.215094
3845, 0.423694
3846, -0.461432
3847, -0.912068
3848, 0.105919
3849, 0.648904
3850, 0.061858
3851, 0.087831
3852, 0.128819
3853, -0.136069
3854, -0.285448
3855, 1.209715
3856, 0.430230
3857, 0.309717
3858, 0.212149
3859, 0.733494
3860, -0.139338
3861, -0.363267
3862, 0.523914
3863, -0.038363
3864, 0.227633
3865, -0.068485
3866, 0.309597
3867, 0.650788
3868, 0.080565
3869, -0.272487
3870, -0.089737
3871, 0.071115
3872, 0.409326
3873, 0.425622
3874, 0.397417
3875, -0.461746
3876, -0.489983
3877, 0.193426
3878, -0.043694
3879, 0.852398
3880, -0.151380
3881, 0.926631
3882, 0.520064
3883, 0.455839
3884, 0.435110
3885, -0.169847
3886, 0.106729
3887, 0.113233
3888, -0.430176
3889, 0.791782
3890, -0.724298
3891, 0.257586
3892, 0.513324
3893, -0.882417
3894, -0.806454
3895, -0.077273
3896, 0.425488
3897, 0.618475
3898, 0.296652
3899, -0.926262
3900, -0.202452
3901, -0.300419
3902, 0.587103
3903, -1.388480
3904, -0.529635
3905, 0.687206
3906, -2.023003
3907, 0.027676
3908, -0.137030
3909, -0.498059
3910, 0.956971
3911, -0.106727
3912, 0.744179
3913, -0.007583
3914, -0.257838
3915, -0.711430
3916, 1.120955
3917, 0.478917
3918, -0.373275
3919, 1.369446
3920, 0.112152
3921, 0.035567
3922, 0.975414
3923, -0.076115
3924, -0.444169
3925, 0.813775
3926, -1.191415
3927, 0.538633
3928, -0.227082
3929, -0.222189
3930, 0.285185
3931, -0.817826
3932, -0.370394
3933, -1.070155
3934, -0.062018
3935, -0.911965
3936, 0.676309
3937, 0.455239
3938, 0.037025
3939, -1.144966
3940, -0.544630
3941, 0.149589
3942, -0.955104
3943, -0.241578
3944, -0.323255
3945, 0.068744
3946, 0.260290
3947, -0.167626
3948, 1.460582
3949, -0.122333
3950, -0.597352
3951, -0.947150
3952, 0.125737
3953, -2.844496
3954, 0.654316
3955, -1.287351
3956, -0.252094
3957, -1.399286
3958, 1.765090
3959, -0.098117
3960, 1.088318
3961, -0.202999
3962, -0.974222
3963, -0.210849
3964, 1.689542
3965, 1.483208
3966, -0.175321
3967, 0.975352
3968, 0.335385
3969, -0.174128
3970, -0.295689
3971, -0.798652
3972, 0.242942
3973, 1.541185
3974, -0.175028
3975, -1.275052
3976, 0.692010
3977, 0.024608
3978, -1.096419
3979, -0.284994
3980, 1.175857
3981, 1.290047
3982, 0.139445
3983, 0.338777
3984, -0.066759
3985, 0.067462
3986, 0.470491
3987, 0.238290
3988, -0.755838
3989, -0.909439
3990, 1.554768
3991, 0.543309
3992, -0.200973
3993, -0.209416
3994, -0.635552
3995, -1.059711
3996, -0.211356
3997, 0.158215
3998, -0.461931
3999, -0.386395
4000, -1.369135
4001, 0.569415
4002, 1.361584
4003, 1.060945
4004, 0.029797
4005, 0.972443
4006, -0.299145
4007, 0.604562
4008, 0.048079
4009, 0.735261
4010, -0.192219
4011, 0.418949
4012, -0.356174
4013, -2.434411
4014, 0.350893
4015, 1.739410
4016, -0.243017
4017, -0.404532
4018, 0.582897
4019, -0.558613
4020, -0.164920
4021, -0.292414
4022, 0.391430
4023, 0.846190
4024, 0.735217
4025, 0.534351
4026, 1.082554
4027, 0.071059
4028, 0.463405
4029, -0.112061
4030, -0.883406
4031, -0.689410
4032, 0.267894
4033, 0.657719
4034, 0.689934
4035, -0.019655
4036, -0.587360
4037, -0.366744
4038, -0.295070
4039, 0.729425
4040, 0.360275
4041, 0.349609
4042, 1.047903
4043, 0.728708
4044, -0.798388
4045, -0.215545
4046, 0.045931
4047, 0.166150
4048, -0.276873
4049, 0.528187
4050, -0.858304
4051, -0.276587
4052, -0.139988
4053, 0.764661
4054, -0.173510
4055, -0.693575
4056, 0.278884
4057, 1.194934
4058, 0.862906
4059, 0.133104
4060, 0.086157
4061, -0.270852
4062, -0.655900
4063, -0.503836
4064, -1.199694
4065, 0.190978
4066, 0.678123
4067, -0.821786
4068, 0.974583
4069, 0.433111
4070, -0.725272
4071, -0.041057
4072, 0.519020
4073, 0.507606
4074, -0.251383
4075, -1.059507
4076, 1.224416
4077, -0.889936
4078, -0.188905
4079, -0.197533
4080, 0.828825
4081, 1.919172
4082, 1.181833
4083, 0.603635
4084, -0.163339
4085, -1.034466
4086, -0.342811
4087, 0.254479
4088, -0.253021
4089, -0.019654
4090, -1.162026
4091, -0.124792
4092, -0.291787
4093, 0.176019
4094, 0.448107
4095, -1.164940
4096, -0.326195
4097, 0.277886
4098, 1.152080
4099, -0.323770
4100, -1.102185
4101, 0.628905
4102, 0.066087
4103, 0.251317
4104, 0.249550
4105, 0.199102
4106, -0.121180
4107, -0.777028
4108, -0.118745
4109, -0.600566
4110, -2.175373
4111, -0.090922
4112, 0.302994
4113, -1.884627
4114, 1.160047
4115, 0.042910
4116, -0.006020
4117, -0.456357
4118, -0.504348
4119, -0.249110
4120, 0.310561
4121, 1.338631
4122, 0.528487
4123, 0.065700
4124, 0.840985
4125, -0.145309
4126, -2.393324
4127, 0.941090
4128, 0.560012
4129, 0.042772
4130, -0.224005
4131, -1.092835
4132, -0.062662
4133, -2.962651
4134, -0.690500
4135, 1.343822
4136, 0.086784
4137, 0.137584
4138, -0.132425
4139, 0.041693
4140, -0.784658
4141, 0.344958
4142, -0.968914
4143, -1.430478
4144, -0.264585
4145, -2.408569
4146, 0.301636
4147, -0.221497
4148, 1.027736
4149, 0.160088
4150, -1.626364
4151, -0.158955
4152, 0.369058
4153, -1.085309
4154, -0.086040
4155, 0.290798
4156, -0.858644
4157, -1.319492
4158, 0.342372
4159, -0.073390
4160, -1.110330
4161, -0.440742
4162, -1.900157
4163, 0.099354
4164, -3.024854
4165, -4.836058
4166, 3.580133
4167, 0.520478
4168, 1.412206
4169, 2.487427
4170, 1.942094
4171, -1.924912
4172, 0.221140
4173, 0.754920
4174, -1.177749
4175, -0.175487
4176, 0.187064
4177, 3.567081
4178, -0.220106
4179, 0.449165
4180, 0.017698
4181, -0.569379
4182, 0.887410
4183, 1.346527
4184, 0.197028
4185, -1.832870
4186, 0.708796
4187, -2.061937
4188, -0.858250
4189, 0.113873
4190, 0.601179
4191, 1.401988
4192, 0.109572
4193, 0.569896
4194, 0.499739
4195, 1.204775
4196, -0.579973
4197, 1.512676
4198, -0.067649
4199, -0.530000
4200, 0.927074
4201, 0.039877
4202, 0.308543
4203, 0.256039
4204, -0.512735
4205, -0.008944
4206, 0.759137
4207, 0.824897
4208, -0.503581
4209, -0.406030
4210, -1.095201
4211, -0.195658
4212, 0.706778
4213, 1.142457
4214, 1.650716
4215, -0.077227
4216, -1.769569
4217, -0.587676
4218, -1.221640
4219, -1.427802
4220, 0.155437
4221, -1.169779
4222, -0.409388
4223, 1.495045
4224, -0.937713
4225, 1.639356
4226, -0.138607
4227, 0.239562
4228, -1.008634
4229, -0.166783
4230, 1.177778
4231, -1.019458
4232, -0.926248
4233, 1.714898
4234, -0.069713
4235, -0.015844
4236, -0.679513
4237, 0.662849
4238, -1.305967
4239, -1.369150
4240, -0.163434
4241, -1.220520
4242, -0.933108
4243, 0.412803
4244, 1.378734
4245, 1.649549
4246, -0.749429
4247, 0.300945
4248, 0.127624
4249, 0.276869
4250, 0.104140
4251, 0.467543
4252, -0.057274
4253, -0.772628
4254, -0.167834
4255, 0.701329
4256, -2.684078
4257, -0.482484
4258, -1.049150
4259, -1.731205
4260, 0.533745
4261, -1.337097
4262, -0.256406
4263, 0.722924
4264, -1.044525
4265, 0.247066
4266, 0.633470
4267, 0.559455
4268, -1.982971
4269, -0.456026
4270, 1.202634
4271, 1.778840
4272, -0.829475
4273, 0.270289
4274, 0.704092
4275, 2.220086
4276, 0.799569
4277, 0.144257
4278, -0.315314
4279, -0.839232
4280, 0.043532
4281, 1.804498
4282, 0.026546
4283, 1.222510
4284, 0.124719
4285, 0.019700
4286, 0.095596
4287, -0.621263
4288, 1.002069
4289, 0.541486
4290, 0.886085
4291, 0.687746
4292, 0.792832
4293, 0.368797
4294, 0.185109
4295, 0.054968
4296, -0.348556
4297, 0.307965
4298, 0.524669
4299, 0.479661
4300, -1.562889
4301, 1.021463
4302, 0.406937
4303, 0.872055
4304, 0.022586
4305, -0.306603
4306, -0.222976
4307, -0.259066
4308, -0.439304
4309, -0.166801
4310, -0.841153
4311, 1.388942
4312, 0.089161
4313, -0.998075
4314, -1.666176
4315, -0.270753
4316, 0.603634
4317, 0.246912
4318, -0.366828
4319, 1.417154
4320, 0.180650
4321, 0.377032
4322, -0.395155
4323, -0.372605
4324, -1.381096
4325, 0.636210
4326, -0.383958
4327, 0.287380
4328, 0.248707
4329, -0.215811
4330, -1.041451
4331, -1.132540
4332, -1.000012
4333, -1.309964
4334, -0.213916
4335, -0.263591
4336, -0.179220
4337, 0.300793
4338, -0.254160
4339, -0.338145
4340, -0.670445
4341, 0.172716
4342, 0.903367
4343, 0.235858
4344, -0.780668
4345, 0.435772
4346, 2.621734
4347, -0.524661
4348, 1.150993
4349, -0.024773
4350, 0.827841
4351, 0.853773
4352, -0.003280
4353, 0.721333
4354, -0.478530
4355, 0.366292
4356, 0.049026
4357, 0.064482
4358, 0.962998
4359, 0.409913
4360, -2.056800
4361, 0.467420
4362, 0.352724
4363, -1.304034
4364, 0.870482
4365, 0.675064
4366, 0.683174
4367, 0.361549
4368, -0.453980
4369, -2.301456
4370, -0.213755
4371, 0.551374
4372, 0.952912
4373, 0.931922
4374, 0.826854
4375, 0.255658
4376, -0.508071
4377, -1.609900
4378, 0.759817
4379, 1.684545
4380, 0.625849
4381, 0.184246
4382, 0.097203
4383, 0.941649
4384, 0.652078
4385, 0.295952
4386, -0.300945
4387, 0.542648
4388, -0.479431
4389, -0.238208
4390, 0.368341
4391, 0.427711
4392, 0.146193
4393, -1.016125
4394, 1.071857
4395, -0.131598
4396, -0.739351
4397, 0.255507
4398, 0.746949
4399, 0.639455
4400, 0.052676
4401, 0.495244
4402, -0.745509
4403, 0.203245
4404, -0.020546
4405, -0.417008
4406, 0.080568
4407, 0.052645
4408, -0.967169
4409, -0.580678
4410, 0.546883
4411, -0.150040
4412, 1.087788
4413, 0.178268
4414, -0.235991
4415, 0.004281
4416, -0.457820
4417, -0.746511
4418, -0.151092
4419, 1.141357
4420, 1.009006
4421, 0.841007
4422, 0.041257
4423, -1.058093
4424, -1.213218
4425, -1.177752
4426, -0.069632
4427, -0.430944
4428, 2.814778
4429, 0.095052
4430, 0.730442
4431, 0.073251
4432, 0.534473
4433, -0.970422
4434, 0.830712
4435, -1.122329
4436, 0.734713
4437, 0.580126
4438, -0.166778
4439, 0.129742
4440, -0.199261
4441, -0.496341
4442, 0.355538
4443, -0.361304
4444, -0.585736
4445, 0.120565
4446, 0.505219
4447, 0.665866
4448, 0.358143
4449, -0.114519
4450, 0.171169
4451, 0.677393
4452, -0.249317
4453, -0.669711
4454, 0.079251
4455, -0.180511
4456, -0.187511
4457, -1.441436
4458, -0.785312
4459, 0.009705
4460, 1.341950
4461, 0.300223
4462, -2.975124
4463, 2.336747
4464, -2.124303
4465, -0.193798
4466, -0.104805
4467, 0.349232
4468, 0.368659
4469, 0.150413
4470, 0.358761
4471, 1.020671
4472, 0.490946
4473, -0.284586
4474, 0.076048
4475, 0.689699
4476, -0.323783
4477, 0.525762
4478, 0.246951
4479, -0.799263
4480, -0.313728
4481, 0.983663
4482, 0.239007
4483, 0.151841
4484, 0.766451
4485, 0.150457
4486, -0.317961
4487, 0.077282
4488, -0.041713
4489, 0.689512
4490, -0.333150
4491, -0.922290
4492, 0.669369
4493, -0.134266
4494, -0.255299
4495, 0.143162
4496, 0.992235
4497, 0.253606
4498, -0.200890
4499, 0.282003
4500, 0.871974
4501, 0.173516
4502, -0.118373
4503, 0.491761
4504, 0.786325
4505, 0.462776
4506, 0.087124
4507, 0.833232
4508, -0.290925
4509, -0.117590
4510, 0.206562
4511, -0.273213
4512, 0.110015
4513, 0.152090
4514, -0.096842
4515, -0.192849
4516, -0.776270
4517, 0.175921
4518, -0.449762
4519, 0.356750
4520, 0.572572
4521, 0.157937
4522, -0.972374
4523, -0.318058
4524, 0.721342
4525, 0.483328
4526, -0.040024
4527, 1.001200
4528, 0.720281
4529, 0.043194
4530, 0.600426
4531, -0.499675
4532, 0.081430
4533, -0.279536
4534, -0.264668
4535, -0.003240
4536, -0.204527
4537, -0.082181
4538, -0.371948
4539, 1.406102
4540, -0.519424
4541, -0.246823
4542, 0.092876
4543, -0.507157
4544, -0.149912
4545, 0.193528
4546, -1.054726
4547, -0.169836
4548, 0.310403
4549, -1.093924
4550, -0.075208
4551, 0.879505
4552, 0.005557
4553, 1.273520
4554, 0.149771
4555, 0.042307
4556, 0.115409
4557, 0.701682
4558, 0.141431
4559, 0.123652
4560, -0.679198
4561, 0.376871
4562, -0.219075
4563, 0.532904
4564, 0.332654
4565, -0.146578
4566, 0.500660
4567, -0.053104
4568, -0.177641
4569, -0.441596
4570, -0.218969
