1, -2.503482
2, 1.938336
3, 1.973288
4, 0.791199
5, -1.004787
6, -1.021068
7, 0.409146
8, -0.868330
9, 4.258636
10, -0.711664
11, -0.915451
12, -0.244068
13, -0.699275
14, -0.007580
15, -1.188320
16, -1.782921
17, 0.527158
18, -0.371808
19, -0.775837
20, -1.747657
21, 0.821420
22, -1.438382
23, -2.431558
24, 1.517318
25, -3.447425
26, -0.576768
27, 2.467211
28, 0.671491
29, -1.296621
30, 2.271384
31, 0.525778
32, 1.570461
33, -3.166203
34, 1.151619
35, -0.260017
36, 0.986447
37, -0.192113
38, -1.257390
39, 2.242647
40, -1.034582
41, -0.671002
42, -0.873835
43, -0.077832
44, 0.713775
45, 0.056764
46, -1.469206
47, 0.278987
48, 1.848402
49, -0.391434
50, 0.255942
51, 0.881818
52, 0.114747
53, -0.189534
54, 0.286054
55, -2.629317
56, 0.173464
57, -0.285151
58, 0.258585
59, -2.065489
60, -0.944086
61, -0.015837
62, 2.065544
63, 1.893462
64, -1.293104
65, -0.912179
66, -0.760440
67, 0.953823
68, -1.308739
69, -0.274842
70, 0.640503
71, 0.108787
72, 1.112509
73, -1.634848
74, 1.351126
75, -0.138202
76, 0.624638
77, -2.980363
78, -0.608977
79, 0.134691
80, -0.156915
81, -1.491176
82, -0.881103
83, -1.442609
84, 0.753412
85, -0.139581
86, 2.078692
87, -0.291272
88, -0.779454
89, -0.920579
90, 0.579067
91, -0.741275
92, -0.900996
93, -0.560739
94, 1.637709
95, 0.157574
96, -0.361071
97, -0.468168
98, 0.411425
99, -0.740706
100, -0.430912
101, -0.543664
102, -1.687099
103, 0.880079
104, -0.254405
105, -1.017246
106, -0.370470
107, -1.645389
108, 0.999397
109, 0.834494
110, 0.272100
111, -0.298300
112, -0.132950
113, 1.422546
114, -0.111379
115, 0.371709
116, 0.039406
117, -0.369087
118, -0.624773
119, -1.628931
120, 0.809199
121, 1.458168
122, 0.627074
123, 1.491680
124, -1.338594
125, 1.075678
126, -2.398832
127, -0.003019
128, 1.630404
129, -0.899902
130, 0.743937
131, -1.057872
132, 0.060549
133, -2.047907
134, 0.062849
135, 0.686207
136, -0.859308
137, -1.386363
138, -2.803413
139, -3.357459
140, 0.629983
141, -7.207478
142, 1.965607
143, 0.298851
144, 3.489576
145, 1.069671
146, -0.836194
147, 1.174880
148, -1.381056
149, -2.031967
150, -0.010020
151, -2.045899
152, 3.400029
153, -0.956136
154, -1.809364
155, 0.850920
156, -0.978683
157, -1.119692
158, -2.360875
159, 3.354225
160, -0.548342
161, 3.095444
162, -0.663464
163, 0.489545
164, 1.268571
165, 3.488833
166, 0.963366
167, -1.373955
168, 0.135028
169, 1.762352
170, -0.802962
171, -0.597275
172, -2.776175
173, 1.599674
174, -0.902062
175, -0.358039
176, 0.205218
177, 1.014512
178, 0.580139
179, -1.471788
180, -1.641307
181, -1.494719
182, 0.712395
183, -2.658892
184, 0.335109
185, 0.548032
186, 0.941207
187, -0.272040
188, -1.263969
189, -1.316883
190, 0.720688
191, -0.886609
192, 0.270534
193, -0.701010
194, -0.383962
195, -0.767632
196, 1.330188
197, -0.002237
198, 0.811075
199, -0.728638
200, 0.218942
201, -2.411115
202, -0.335862
203, 0.713275
204, -0.753059
205, 0.677216
206, 2.313334
207, 0.384531
208, 1.314142
209, -1.313865
210, 1.394772
211, -0.762864
212, -0.863023
213, -0.415399
214, -1.439986
215, -1.443223
216, 1.281301
217, 0.129774
218, -0.387393
219, -0.618012
220, -0.578468
221, 0.982201
222, -0.713753
223, -0.869906
224, -1.927909
225, -1.590265
226, 0.289689
227, -1.994114
228, 1.137016
229, -0.773041
230, 0.612772
231, 0.900604
232, -0.403664
233, 0.465197
234, -0.201925
235, 1.106292
236, -0.210474
237, 0.124580
238, 1.070158
239, -0.727071
240, -0.355592
241, -0.191296
242, -4.024180
243, 1.528396
244, -1.733220
245, 0.831193
246, 0.043958
247, 0.668486
248, -0.934743
249, -1.105886
250, -0.921536
251, -0.202253
252, -0.753692
253, -0.268229
254, 1.299457
255, -0.897086
256, 0.352772
257, -1.917608
258, -0.510893
259, 0.634688
260, -0.498725
261, 1.670056
262, -0.381036
263, 0.492424
264, 0.916040
265, 1.694778
266, -0.034076
267, 1.291396
268, 1.832670
269, 0.511908
270, -0.128714
271, 2.063104
272, -2.957572
273, 2.006407
274, -0.671194
275, -1.623716
276, 0.389155
277, 0.635873
278, -1.035522
279, -1.126441
280, -0.417644
281, 0.932674
282, 0.633470
283, -0.411535
284, 1.185038
285, -0.112865
286, 1.004745
287, 0.182975
288, 0.949422
289, 0.271728
290, -0.306683
291, 0.492487
292, 0.031208
293, -1.668532
294, -0.245736
295, 0.535618
296, 1.113094
297, -1.659818
298, 0.761184
299, -2.484644
300, -1.300086
301, -0.985091
302, -1.296927
303, -1.958545
304, -0.941773
305, 1.220822
306, -2.185695
307, 0.317756
308, -1.553959
309, -1.595517
310, 0.423747
311, -0.140492
312, 1.412886
313, -2.411460
314, -5.042619
315, 1.229105
316, -1.754204
317, 2.481192
318, 0.715781
319, 0.314126
320, 6.710404
321, 0.667536
322, 3.646484
323, -0.863543
324, 2.891970
325, -0.279032
326, -0.474906
327, 1.059133
328, -0.363365
329, 1.593586
330, 2.644467
331, -2.508271
332, -1.138286
333, -0.751068
334, 1.654479
335, -0.364379
336, -1.548384
337, -0.597387
338, -1.500822
339, -2.416369
340, 1.644636
341, 0.933417
342, -3.504179
343, 0.266267
344, -0.107773
345, -3.514753
346, 2.404129
347, -5.078164
348, -0.524978
349, 2.668409
350, -0.654430
351, -2.241528
352, -1.374548
353, -0.221339
354, 3.678590
355, -0.486811
356, -0.614686
357, 0.327499
358, -1.541316
359, -0.918795
360, 1.034130
361, -2.024551
362, 2.268994
363, 2.256551
364, 0.518565
365, 0.944832
366, -2.999954
367, -1.075442
368, -1.593724
369, 0.051200
370, -1.994239
371, 1.934617
372, -0.062488
373, 1.104202
374, -0.129481
375, -1.049636
376, -1.072743
377, -0.902625
378, -0.035151
379, 1.921367
380, -0.911673
381, -0.838466
382, -1.211002
383, -0.161250
384, -0.483592
385, -0.980903
386, -0.227850
387, -0.640623
388, -0.401417
389, -1.833396
390, -1.094673
391, 1.720551
392, -0.655212
393, -1.651600
394, -1.694178
395, -0.752398
396, -3.711332
397, 1.295192
398, 0.445711
399, -3.328183
400, 4.238744
401, -0.022674
402, -1.747797
403, -0.672240
404, 0.059113
405, -1.332059
406, 2.052490
407, 2.255926
408, -0.598292
409, -0.182996
410, -2.493024
411, 1.648243
412, -1.623897
413, -1.277281
414, -0.838499
415, -1.057010
416, 0.209443
417, 0.295228
418, 3.321062
419, 0.708577
420, -0.491356
421, -2.287563
422, -0.863780
423, -0.550054
424, 0.551656
425, -1.076855
426, -1.127755
427, 0.599901
428, 2.314104
429, -0.771723
430, -0.474126
431, -1.611423
432, -0.483901
433, 1.689202
434, 1.045164
435, -0.188958
436, 0.168634
437, 0.303295
438, -1.532794
439, -0.773830
440, -1.165379
441, -1.747929
442, 0.612103
443, -3.092974
444, 2.127015
445, -3.130100
446, 3.563650
447, 0.573304
448, -0.558412
449, -1.478704
450, -0.495585
451, -1.205037
452, 0.512759
453, 1.542718
454, -2.674174
455, -0.063687
456, -0.608752
457, -1.149277
458, -1.127762
459, 0.528058
460, 1.494949
461, -1.861956
462, 0.896019
463, 1.520621
464, 0.157908
465, -2.667540
466, -2.119112
467, -0.701894
468, -2.296112
469, 3.358968
470, 0.141415
471, 1.632621
472, 5.236073
473, -0.522443
474, -2.002430
475, -0.492222
476, -0.773470
477, 5.347033
478, -7.086779
479, 3.453556
480, -3.108875
481, -3.433334
482, 3.113762
483, 1.291160
484, 0.641660
485, 3.814669
486, 1.849901
487, 0.077983
488, -3.115242
489, 0.262568
490, 0.241918
491, -2.292383
492, 4.466404
493, 1.270759
494, -3.086490
495, -0.380519
496, 2.724454
497, 2.388296
498, 1.068685
499, 0.820474
500, -1.447954
501, 0.443884
502, -2.706965
503, -1.798163
504, 1.641617
505, -1.680284
506, -2.993555
507, 6.963641
508, 0.031780
509, 1.772092
510, 3.867440
511, -1.397619
512, -0.490287
513, 0.835580
514, -1.254203
515, 3.267724
516, -1.301307
517, -1.255768
518, 1.161001
519, -2.866321
520, 1.574258
521, 0.699147
522, 0.011355
523, 1.117917
524, 0.074716
525, -0.562589
526, -0.596451
527, -0.875767
528, -1.189780
529, 0.712345
530, -0.380728
531, -0.362789
532, 0.967871
533, -3.089169
534, -1.051108
535, 4.716812
536, -1.107757
537, 1.090882
538, 4.616650
539, 1.058110
540, 2.144056
541, 2.765762
542, -1.135459
543, 3.257851
544, 0.566949
545, -1.942256
546, -1.201810
547, 1.642058
548, 4.875086
549, 1.176250
550, 0.764881
551, -2.916574
552, 1.887536
553, 1.410751
554, -0.494664
555, 1.518432
556, -1.330743
557, -0.957396
558, -0.785549
559, 1.141100
560, 0.474196
561, 0.679453
562, 1.780980
563, -2.857831
564, 2.367405
565, -1.797978
566, 0.272243
567, -0.357933
568, 0.489955
569, -2.151497
570, -0.001746
571, -0.533006
572, -1.958010
573, -1.470633
574, -0.662008
575, 1.873025
576, -0.959287
577, 0.720738
578, -1.437955
579, 0.433351
580, 0.071343
581, 1.826022
582, -0.451628
583, 1.526054
584, 0.599185
585, -2.440420
586, -0.884412
587, 0.379855
588, 1.478723
589, -0.017581
590, 0.815405
591, -1.002370
592, -1.491994
593, 0.366101
594, -1.119794
595, -3.279147
596, -1.361285
597, 0.357555
598, -0.997718
599, -1.367965
600, -1.462554
601, -0.053376
602, 0.204457
603, -1.731488
604, -1.058935
605, 0.503075
606, 0.531803
607, -1.301549
608, -0.858796
609, -0.174054
610, 0.354064
611, -1.394125
612, -0.426892
613, -1.615443
614, -0.900823
615, -3.029461
616, 2.228182
617, -2.604795
618, -0.927843
619, -0.719950
620, 0.723767
621, -1.790415
622, 2.383333
623, 0.294502
624, -0.158313
625, -1.262867
626, 0.610497
627, -1.336445
628, -2.384187
629, -0.003806
630, 4.226916
631, 0.633824
632, -0.694360
633, -0.862234
634, 0.176159
635, -0.430014
636, 0.676580
637, -1.506681
638, -0.539291
639, 0.972836
640, 1.773279
641, -0.373887
642, -0.093478
643, 1.143581
644, 0.358652
645, -1.147024
646, -1.162490
647, 1.531845
648, -1.207984
649, -0.657751
650, -0.183572
651, -1.176004
652, -1.066128
653, -2.981053
654, 0.054119
655, -1.195955
656, 0.593870
657, 0.007572
658, -0.361829
659, -1.293410
660, 0.269133
661, 0.786678
662, -0.422062
663, -1.231845
664, -0.887769
665, 0.999414
666, -4.870285
667, -3.041245
668, 1.249878
669, -3.810744
670, 2.451284
671, 0.545811
672, -2.269587
673, -1.483320
674, 2.739631
675, 3.435412
676, -0.481402
677, 1.242217
678, -1.094553
679, 2.205171
680, 0.688938
681, -0.823232
682, -0.479974
683, 2.287945
684, -0.478756
685, 0.137784
686, 0.633977
687, 0.920235
688, 0.641320
689, 0.780472
690, -1.595815
691, 0.669009
692, 0.192800
693, -0.477043
694, -0.700699
695, -2.710804
696, 0.740062
697, -0.836281
698, 3.626368
699, 0.176605
700, 1.331176
701, -1.443142
702, 0.965496
703, -1.159087
704, -1.370231
705, 0.640972
706, 0.813730
707, -2.740405
708, 1.269815
709, -2.497604
710, 3.008666
711, 0.133463
712, -0.218905
713, 0.861466
714, -3.552282
715, 4.305685
716, -0.534737
717, 1.369359
718, -3.630297
719, -0.974947
720, -3.227004
721, 2.372394
722, 0.028414
723, 1.622224
724, 1.850817
725, -2.484635
726, -0.317881
727, 2.147189
728, -0.325882
729, 1.332057
730, 1.569652
731, 0.877234
732, -2.139859
733, 2.627027
734, 0.144268
735, 0.027211
736, -0.412549
737, -1.159897
738, 0.677028
739, -0.238381
740, -0.034501
741, 1.638213
742, -1.303649
743, 0.536271
744, -1.053349
745, -0.272066
746, 1.130150
747, -0.359392
748, 0.864411
749, 2.620277
750, 0.425495
751, 2.001171
752, -2.653553
753, 2.819189
754, -1.945006
755, 1.088488
756, 1.047240
757, -3.003909
758, -2.863695
759, 1.539521
760, -1.248096
761, 2.475316
762, 2.749365
763, 0.659198
764, 2.183197
765, 1.898734
766, -0.453278
767, 0.404743
768, 3.854338
769, -3.842023
770, 3.649934
771, -0.834054
772, -4.639211
773, -3.141166
774, 2.108484
775, -1.920231
776, 0.625802
777, 3.359644
778, -0.540418
779, -2.407165
780, 0.473306
781, 1.280224
782, 0.443202
783, -2.789666
784, -0.701435
785, 2.525676
786, -0.574980
787, -0.345742
788, 0.046690
789, -3.428141
790, -0.244950
791, 0.180739
792, -2.260970
793, 2.338989
794, -1.195253
795, 4.101731
796, -1.014397
797, -0.020447
798, -0.887447
799, 0.419523
800, -0.324215
801, -2.696805
802, 1.283850
803, 0.012944
804, -1.515946
805, -0.299960
806, 0.542777
807, 0.658535
808, -1.323270
809, -2.315598
810, -2.158226
811, -1.912805
812, 0.856860
813, -2.365429
814, -1.916972
815, 2.877108
816, 0.154266
817, -0.067705
818, -1.258927
819, 2.389480
820, -1.347146
821, -1.086760
822, 1.775076
823, -1.229441
824, -0.503176
825, 0.412700
826, -1.825761
827, -0.458197
828, -1.385705
829, 1.867182
830, 1.082456
831, -0.142133
832, 0.403767
833, 0.587479
834, -2.469921
835, 0.320513
836, -1.557058
837, 1.111229
838, -0.073303
839, 1.192350
840, -1.532748
841, -0.221450
842, -2.456643
843, 0.383196
844, -0.406327
845, 2.420959
846, -0.490961
847, 0.124801
848, -0.114879
849, -0.734327
850, 0.790616
851, -0.125957
852, -0.781098
853, 0.806088
854, -1.311787
855, -0.833654
856, -0.627296
857, -2.194671
858, -3.794552
859, 2.153402
860, -2.841498
861, 2.509909
862, -0.218901
863, -2.464193
864, 1.861369
865, -0.153005
866, -0.786343
867, 1.275997
868, -1.395411
869, -0.701114
870, -2.870310
871, -0.996730
872, 1.782877
873, 0.244743
874, 2.108045
875, 1.868330
876, -1.665580
877, 0.041986
878, 1.589497
879, -0.745677
880, -1.016120
881, 1.541734
882, 0.278301
883, -0.403302
884, -0.723602
885, 0.407522
886, -2.374085
887, 0.369698
888, 1.905753
889, 0.413597
890, -0.927251
891, -1.577380
892, -2.400095
893, 2.098680
894, 1.543082
895, -1.024150
896, -1.916814
897, -1.962270
898, -1.415279
899, 0.200256
900, -3.028198
901, 2.334710
902, 2.981007
903, 1.310513
904, 2.119246
905, 0.514923
906, 0.669007
907, -1.012075
908, 0.761533
909, 2.440491
910, -0.632355
911, -2.277852
912, -0.420822
913, -0.300120
914, -0.128276
915, -0.414848
916, 2.852592
917, -0.540570
918, -2.313086
919, -0.961958
920, 0.655090
921, 0.664926
922, -1.323048
923, -0.136088
924, 1.491155
925, -1.022083
926, 1.458971
927, 0.518056
928, -0.767641
929, 1.020946
930, -0.072905
931, -0.558720
932, 2.072813
933, -0.696128
934, -1.205652
935, -1.007945
936, -0.621211
937, 0.020668
938, 0.614467
939, -0.736954
940, 0.041955
941, -1.393549
942, -1.146500
943, 0.622942
944, -0.997517
945, -2.342930
946, -1.420023
947, 0.769862
948, -2.611303
949, 1.279717
950, 2.687738
951, -0.647000
952, -0.128939
953, -0.231333
954, -2.642771
955, 3.467170
956, -1.069932
957, -0.238115
958, 0.199528
959, -2.164479
960, -0.392904
961, -2.128829
962, -0.972167
963, -0.747085
964, 1.079565
965, 0.388263
966, -1.752171
967, -1.505694
968, 1.001376
969, -2.397262
970, 1.550820
971, -0.676813
972, -4.046456
973, 0.651109
974, 3.803953
975, -0.609758
976, 2.343167
977, 1.943670
978, 0.391804
979, -2.800023
980, 4.729613
981, -0.794115
982, 0.580024
983, -0.636386
984, -1.069436
985, -0.862301
986, 0.703961
987, -2.091505
988, -0.343517
989, -1.416539
990, 3.074789
991, 0.013032
992, 2.247267
993, -2.636017
994, 1.582450
995, -0.547738
996, -0.743959
997, 0.912156
998, -0.783483
999, -1.202749
1000, -1.448569
1001, -3.020080
1002, 0.278836
1003, -0.172257
1004, -0.941480
1005, -0.193021
1006, -1.829915
1007, 0.203569
1008, 0.596294
1009, 2.344304
1010, -0.678393
1011, 0.643386
1012, -0.053359
1013, -0.050765
1014, -0.343714
1015, -1.816210
1016, -0.931558
1017, -1.384826
1018, 0.594295
1019, -1.773880
1020, -0.696623
1021, 1.136028
1022, 0.371725
1023, -0.760017
1024, -1.015654
1025, -1.275763
1026, 1.261734
1027, -0.287254
1028, -1.127625
1029, -0.077874
1030, 1.441520
1031, 0.174958
1032, 0.770737
1033, -1.233873
1034, 2.412455
1035, -0.410051
1036, -0.640507
1037, 1.960248
1038, -0.449257
1039, -0.437719
1040, -1.558287
1041, -0.971763
1042, 1.544176
1043, -0.542546
1044, 0.757914
1045, 0.854086
1046, -1.643004
1047, -1.280697
1048, 1.327213
1049, -2.855305
1050, -1.292581
1051, -1.122095
1052, -1.573468
1053, 0.547865
1054, -2.353670
1055, -1.495976
1056, 1.631037
1057, -1.975054
1058, -2.554950
1059, -0.108656
1060, -0.790691
1061, 0.510271
1062, -2.302317
1063, -0.478994
1064, 0.474211
1065, 0.964661
1066, 0.404771
1067, -0.882790
1068, -1.033007
1069, -0.049165
1070, -1.159774
1071, -0.270832
1072, 1.229541
1073, 1.354248
1074, -0.952160
1075, -1.886848
1076, 0.774726
1077, -0.405431
1078, 0.322393
1079, -0.062966
1080, -1.047613
1081, 0.564875
1082, -0.821041
1083, 1.040795
1084, -0.803189
1085, -2.721235
1086, 1.455306
1087, -0.636068
1088, -0.820129
1089, 3.585876
1090, 1.555571
1091, -0.148490
1092, -0.042077
1093, 0.092790
1094, -0.410632
1095, -1.768247
1096, -0.146856
1097, 1.489764
1098, -0.592744
1099, 0.533280
1100, -0.088559
1101, -1.431121
1102, -1.009008
1103, -3.601073
1104, -0.844576
1105, 0.321115
1106, 0.336580
1107, -2.629293
1108, 1.385271
1109, 0.832649
1110, 0.238933
1111, 0.528515
1112, -1.486893
1113, 1.183202
1114, -0.087227
1115, 0.334712
1116, 0.269782
1117, 0.029099
1118, -1.762815
1119, -0.095777
1120, 1.165226
1121, -0.754117
1122, 1.473893
1123, 1.251467
1124, 1.642691
1125, -0.274457
1126, -1.402799
1127, 1.035027
1128, 0.695112
1129, 1.566916
1130, -0.206282
1131, -0.118888
1132, -0.180879
1133, 2.139302
1134, 0.455064
1135, -1.391699
1136, 0.654257
1137, 0.070309
1138, 0.347251
1139, -0.105254
1140, -0.422883
1141, 0.209791
1142, -0.318617
1143, -1.856106
1144, 0.564346
1145, 0.201875
1146, -0.770678
1147, -1.179269
1148, -0.197673
1149, 2.538019
1150, 0.394663
1151, -1.403869
1152, 0.493117
1153, 1.816422
1154, -0.073717
1155, -0.131756
1156, -1.583090
1157, 0.113488
1158, 1.267466
1159, -1.174235
1160, 0.960961
1161, -1.670093
1162, -0.078427
1163, -2.233386
1164, 0.678204
1165, -0.211922
1166, 1.467144
1167, 0.090169
1168, -0.444837
1169, -2.208986
1170, -0.376555
1171, 0.449899
1172, 0.461820
1173, -0.295007
1174, -2.671989
1175, 0.225159
1176, 0.028721
1177, -0.728521
1178, -0.468967
1179, 0.091230
1180, 2.311770
1181, -0.490341
1182, -0.056629
1183, -0.204230
1184, -1.329472
1185, -0.094254
1186, 1.188070
1187, -0.041070
1188, 0.349565
1189, -1.729469
1190, -0.427985
1191, -1.312235
1192, 1.605491
1193, 0.016693
1194, 0.394133
1195, -1.359502
1196, -0.979184
1197, -0.551470
1198, 1.575148
1199, -1.836540
1200, -0.541735
1201, 0.318622
1202, -0.301407
1203, 1.660492
1204, -0.175605
1205, 0.062291
1206, -0.560758
1207, -0.995323
1208, 0.595715
1209, 0.321704
1210, 0.958069
1211, -0.716235
1212, -0.027989
1213, -1.081659
1214, -0.311479
1215, 0.980778
1216, 0.542262
1217, 0.694564
1218, -0.283485
1219, -0.658658
1220, 0.896571
1221, 1.104752
1222, -1.358754
1223, -0.729734
1224, 1.694818
1225, -0.341228
1226, 0.601834
1227, -0.713674
1228, -0.069136
1229, -0.321364
1230, -0.915978
1231, 0.210729
1232, 1.303086
1233, -1.263069
1234, -0.034859
1235, -1.074495
1236, 0.547379
1237, -0.619159
1238, 0.361426
1239, -2.393339
1240, 0.036501
1241, 0.097305
1242, -0.111299
1243, -0.685420
1244, -0.307398
1245, 0.073837
1246, -0.988399
1247, -0.039550
1248, -0.273735
1249, -0.653372
1250, 0.726850
1251, -0.409033
1252, -0.656114
1253, -0.197201
1254, -1.912181
1255, -0.569354
1256, 1.759152
1257, -0.131436
1258, -0.618247
1259, 0.427121
1260, -0.629231
1261, -0.375011
1262, -0.376591
1263, -0.169612
1264, 0.823491
1265, -0.923569
1266, 0.225346
1267, 0.181569
1268, -2.580462
1269, 0.448021
1270, -1.197285
1271, 0.916969
1272, -0.215086
1273, -0.137404
1274, -0.277683
1275, -0.275650
1276, -1.110547
1277, 0.369194
1278, 0.310603
1279, 2.275378
1280, 0.744057
1281, -0.421555
1282, -0.545753
1283, -0.181057
1284, -0.230399
1285, -0.088671
1286, -0.463844
1287, 1.289408
1288, -0.527503
1289, -0.492798
1290, 0.206074
1291, 0.401528
1292, -0.571435
1293, 0.689703
1294, -0.940755
1295, -0.466447
1296, -0.480743
1297, 0.420063
1298, 0.509401
1299, 0.314302
1300, -0.020186
1301, -0.978344
1302, -1.054180
1303, 1.268410
1304, -0.021167
1305, 0.212253
1306, -0.754947
1307, 0.506328
1308, -0.395844
1309, -0.310768
1310, -0.916219
1311, 0.371468
1312, -0.241153
1313, 0.266018
1314, 1.050935
1315, 0.152197
1316, -0.707151
1317, 1.017775
1318, -2.288529
1319, -1.374459
1320, 1.043777
1321, -1.324069
1322, 0.789719
1323, 0.282107
1324, -3.795424
1325, -0.838320
1326, -1.149453
1327, 3.260441
1328, 0.465393
1329, -0.006446
1330, 2.307724
1331, -0.832783
1332, -1.252482
1333, -1.518346
1334, 1.972795
1335, 0.027414
1336, -0.499775
1337, 0.291335
1338, -0.323143
1339, 0.837454
1340, -1.196563
1341, 0.064886
1342, 0.091949
1343, -0.450355
1344, 1.140366
1345, -0.438145
1346, 1.591159
1347, -2.438321
1348, 1.006031
1349, -1.069253
1350, -0.549758
1351, 0.124968
1352, -1.977032
1353, -0.636986
1354, -0.624917
1355, -1.052769
1356, -0.927475
1357, -1.276334
1358, -3.374114
1359, -1.193426
1360, 1.287339
1361, -5.438143
1362, -0.522821
1363, 2.499941
1364, -1.765176
1365, 0.523249
1366, -0.197134
1367, -0.176771
1368, -2.579633
1369, -2.656332
1370, 1.036970
1371, 2.994633
1372, 0.611594
1373, 2.207989
1374, 0.246649
1375, 0.697979
1376, -1.168478
1377, -0.591536
1378, 0.821885
1379, -2.101965
1380, -0.088292
1381, -0.547392
1382, -3.972848
1383, 1.020102
1384, 2.288640
1385, -0.303581
1386, -0.107667
1387, -0.818971
1388, -1.235786
1389, -3.113903
1390, 1.806980
1391, -2.831438
1392, 1.909791
1393, -1.057241
1394, -1.942431
1395, 2.459141
1396, 0.233105
1397, 0.609809
1398, -1.666718
1399, 1.212822
1400, 0.664553
1401, -0.219326
1402, 0.147781
1403, -0.489309
1404, 1.026374
1405, 1.490702
1406, -0.529787
1407, 0.710656
1408, -0.751592
1409, -0.570286
1410, -1.256321
1411, -0.951918
1412, 0.003817
1413, 0.100117
1414, -2.348292
1415, 0.385647
1416, 1.630092
1417, 0.027921
1418, 0.245174
1419, 1.181694
1420, -0.884087
1421, -0.531216
1422, 0.108409
1423, -0.995339
1424, 0.180306
1425, -0.403677
1426, 1.743333
1427, 0.501282
1428, 1.256648
1429, -0.260733
1430, -1.307179
1431, 0.345638
1432, 1.067694
1433, -0.532093
1434, -0.766196
1435, 1.467685
1436, 2.045466
1437, 0.384015
1438, 0.162781
1439, 1.218792
1440, -0.232138
1441, -0.050588
1442, 0.135470
1443, 1.005548
1444, -0.297599
1445, -1.683340
1446, 0.498491
1447, 1.048013
1448, -0.346043
1449, -0.187055
1450, -0.522724
1451, 0.179295
1452, -0.610964
1453, -0.671487
1454, 1.109952
1455, -1.413131
1456, 0.304443
1457, 0.801258
1458, 0.138714
1459, 0.262932
1460, -0.869131
1461, -0.388282
1462, -0.580968
1463, -0.313094
1464, 1.293654
1465, 0.951388
1466, -0.115636
1467, -0.535185
1468, -0.214189
1469, 0.314811
1470, 0.164987
1471, -1.546233
1472, -0.515020
1473, -1.576014
1474, 0.051738
1475, -1.300069
1476, -0.139617
1477, -0.032814
1478, 0.554876
1479, -1.010691
1480, -0.920481
1481, -0.225822
1482, -0.490945
1483, 0.225184
1484, -1.213487
1485, 1.566630
1486, 1.759444
1487, -0.057809
1488, -0.084227
1489, 0.005053
1490, 0.010093
1491, 0.001849
1492, -0.764388
1493, 0.260429
1494, -0.912419
1495, -0.111028
1496, 1.902598
1497, -0.232042
1498, -0.440263
1499, -2.078050
1500, -0.095788
1501, 0.725540
1502, -1.178718
1503, -1.783605
1504, -0.218870
1505, 1.281449
1506, 0.355829
1507, 0.109699
1508, 0.404804
1509, 0.933080
1510, 0.294692
1511, -0.277716
1512, 0.327585
1513, 0.090920
1514, -0.382279
1515, 0.025727
1516, 1.209439
1517, 0.203596
1518, -0.174092
1519, 1.228931
1520, 0.098295
1521, -0.118995
1522, -0.085460
1523, 0.495011
1524, -0.533066
1525, 0.341799
1526, 0.833866
1527, -0.149264
1528, 0.344195
1529, -0.377368
1530, -0.938398
1531, -0.185016
1532, -0.110207
1533, -0.914572
1534, -0.122182
1535, 0.463848
1536, -1.322949
1537, -0.776642
1538, 0.991478
1539, -0.173785
1540, -0.511563
1541, -0.961598
1542, 0.898267
1543, -0.483214
1544, -1.508731
1545, 0.408737
1546, 0.342018
1547, -0.110613
1548, 0.587451
1549, 1.505935
1550, -0.569170
1551, 0.039227
1552, 0.093881
1553, -0.292318
1554, 0.006861
1555, 0.146058
1556, -0.759322
1557, 0.707787
1558, -0.045236
1559, -0.785796
1560, 0.644160
1561, 0.077569
1562, 0.203221
1563, 0.518192
1564, -0.674429
1565, -0.278630
1566, 0.035533
1567, -0.062978
1568, -1.235725
1569, 0.806677
1570, -0.246945
1571, -0.345661
1572, -0.425764
1573, -1.494763
1574, 0.331444
1575, 0.177190
1576, 0.078156
1577, 0.047225
1578, -0.645603
1579, 0.235290
1580, -0.476637
1581, 0.782882
1582, -0.707341
1583, -1.234805
1584, 0.299654
1585, 0.000167
1586, 0.300131
1587, 0.103597
1588, -0.195841
1589, -0.998838
1590, 0.361858
1591, -0.696026
1592, 0.321020
1593, -0.106753
1594, 0.164911
1595, -0.972554
1596, -1.628294
1597, 0.198363
1598, -1.842117
1599, 2.813450
1600, -0.526180
1601, 0.088124
1602, 0.545224
1603, -0.489435
1604, 1.160469
1605, 0.133039
1606, -0.460554
1607, -0.412853
1608, 1.298812
1609, 0.605525
1610, 0.149885
1611, -0.394585
1612, 0.278102
1613, 0.280670
1614, 0.842110
1615, -1.108588
1616, -0.762715
1617, -0.173697
1618, 0.114187
1619, -0.541331
1620, -1.139372
1621, 0.343870
1622, -0.558296
1623, 0.616804
1624, 0.421359
1625, 0.210609
1626, 0.211039
1627, -0.515281
1628, 0.508912
1629, 0.745038
1630, 0.462737
1631, -0.625951
1632, 0.658679
1633, -0.428523
1634, 0.068680
1635, 0.583545
1636, -0.621341
1637, 0.519309
1638, -0.253082
1639, -0.169410
1640, -0.234169
1641, -0.410353
1642, 1.047695
1643, -0.136935
1644, -0.158249
1645, -0.073245
1646, 0.209085
1647, -2.174050
1648, -0.586263
1649, 0.513775
1650, 0.025041
1651, -0.601935
1652, -0.435890
1653, -0.110299
1654, 0.025969
1655, 0.694760
1656, 0.336252
1657, 0.259252
1658, 0.238479
1659, -0.277672
1660, 0.197229
1661, -0.223820
1662, 0.775276
1663, -0.501180
1664, 0.218530
1665, -0.780210
1666, -0.577623
1667, 0.437153
1668, -1.522413
1669, -0.201561
1670, -0.013555
1671, 0.999581
1672, -0.549400
1673, -0.312654
1674, 0.084711
1675, -0.811689
1676, -0.140037
1677, -0.600538
1678, -1.572134
1679, -0.326847
1680, 0.415696
1681, -0.755400
1682, -0.507081
1683, 0.189834
1684, -0.257118
1685, -0.761388
1686, 0.101582
1687, 0.093299
1688, -1.108828
1689, -0.915593
1690, -0.138865
1691, 0.564644
1692, -0.540937
1693, -0.018563
1694, -0.443705
1695, -0.123265
1696, -0.693628
1697, 0.155961
1698, -0.020906
1699, -0.182955
1700, -0.813541
1701, -0.805074
1702, -0.141790
1703, 1.485544
1704, -0.521222
1705, -0.751008
1706, -0.541308
1707, -0.628216
1708, 0.255992
1709, -0.197539
1710, 1.301243
1711, 1.074073
1712, -0.082396
1713, 0.006187
1714, -0.026888
1715, 0.026747
1716, -0.150222
1717, -0.513129
1718, -0.906134
1719, -0.167334
1720, -0.300315
1721, -2.737124
1722, -0.384229
1723, -1.635391
1724, 0.506554
1725, 1.059060
1726, -0.764580
1727, -1.302440
1728, -0.543453
1729, -0.036375
1730, -0.244917
1731, 1.255617
1732, -0.083402
1733, 0.652054
1734, -0.833048
1735, 0.075669
1736, -0.761512
1737, -0.277536
1738, 2.174720
1739, 0.018205
1740, 0.403083
1741, 0.286504
1742, -0.687363
1743, 0.408363
1744, -0.695190
1745, 0.372612
1746, -0.446598
1747, -0.534820
1748, 0.464958
1749, -0.180958
1750, -0.089669
1751, 0.596068
1752, -0.862757
1753, 0.494252
1754, -0.266931
1755, -0.406117
1756, 1.074702
1757, 0.496746
1758, -0.518506
1759, -0.839247
1760, -0.088996
1761, -0.100756
1762, -0.144492
1763, -0.591951
1764, 0.290047
1765, 0.910158
1766, 0.705566
1767, -0.006378
1768, 0.458996
1769, -1.294650
1770, 0.960833
1771, -0.470630
1772, -0.117750
1773, 0.486693
1774, 0.394063
1775, -0.629757
1776, 0.068911
1777, 1.784534
1778, -0.628987
1779, 0.600768
1780, -0.926242
1781, -0.143659
1782, -0.654071
1783, 0.498622
1784, -0.833659
1785, -0.701827
1786, 0.648118
1787, -0.610168
1788, -1.840420
1789, -0.037147
1790, -1.293589
1791, -0.061229
1792, 0.519741
1793, 0.485338
1794, 0.036558
1795, 2.308190
1796, 0.413303
1797, -1.322236
1798, -0.993332
1799, -0.863006
1800, -0.450547
1801, 0.910842
1802, -0.459950
1803, 0.339723
1804, -0.742304
1805, 0.511082
1806, -1.143375
1807, -1.569445
1808, -0.753543
1809, 0.991188
1810, 1.001762
1811, 1.463486
1812, -0.531560
1813, -1.356605
1814, 0.428393
1815, -0.912729
1816, -0.423920
1817, 0.146828
1818, -0.020949
1819, 0.372219
1820, -1.105898
1821, 0.039287
1822, -0.354772
1823, 0.323009
1824, -0.574595
1825, -1.030910
1826, -0.439289
1827, -0.749455
1828, 0.151721
1829, 0.213008
1830, 0.320523
1831, 0.780588
1832, 0.080265
1833, 0.748074
1834, 0.504578
1835, -0.212880
1836, 0.533088
1837, 0.342072
1838, 0.314526
1839, -0.233133
1840, 1.458584
1841, 0.081020
1842, 0.934354
1843, 0.252346
1844, -0.256727
1845, -0.488314
1846, 0.585721
1847, -0.527720
1848, 0.422434
1849, -0.925637
1850, 1.247913
1851, -0.937567
1852, -0.007529
1853, 0.343836
1854, 0.004557
1855, 0.882044
1856, -0.529175
1857, 0.479135
1858, -1.085273
1859, -0.994287
1860, 1.233541
1861, 0.124348
1862, -0.684353
1863, -1.838983
1864, 0.001124
1865, 0.637386
1866, 0.479091
1867, -2.434957
1868, -0.438022
1869, -0.394972
1870, -0.444266
1871, -1.039305
1872, -0.495002
1873, -0.916747
1874, -0.026474
1875, 0.118249
1876, -3.471439
1877, 0.683513
1878, -1.177016
1879, -3.509395
1880, 0.855245
1881, 0.917561
1882, -0.187113
1883, 1.975989
1884, -1.613948
1885, -0.211391
1886, 0.098684
1887, -2.640102
1888, -0.863020
1889, 0.893631
1890, 0.308591
1891, 0.917022
1892, 0.791624
1893, 0.623810
1894, 0.437936
1895, -0.396074
1896, -0.129771
1897, -0.206862
1898, -0.734066
1899, 0.437856
1900, 0.144188
1901, 1.098359
1902, -0.497428
1903, -0.715515
1904, -0.363495
1905, -0.683838
1906, -2.264176
1907, 0.445229
1908, -0.638536
1909, 0.313375
1910, 0.364407
1911, 0.677555
1912, -0.657981
1913, -0.205024
1914, 1.251685
1915, 0.465579
1916, -1.128177
1917, -0.357795
1918, 0.703212
1919, -0.518626
1920, -0.624087
1921, -0.145970
1922, 0.922908
1923, 1.221610
1924, 0.355896
1925, -0.625786
1926, 0.355621
1927, -0.201705
1928, 0.155544
1929, -0.289205
1930, -0.596326
1931, -3.124014
1932, 1.003568
1933, -0.430242
1934, 0.162232
1935, -1.040210
1936, -1.079342
1937, -0.093586
1938, 0.972457
1939, -0.540039
1940, 0.295997
1941, 0.660105
1942, -0.446714
1943, -0.363485
1944, 0.699525
1945, 0.435167
1946, -0.305018
1947, -1.084591
1948, -0.341522
1949, -1.326341
1950, 1.458763
1951, 1.440137
1952, -0.227906
1953, 0.399539
1954, -0.497951
1955, 0.194114
1956, 0.458306
1957, -0.623323
1958, -0.155381
1959, -1.013284
1960, -0.063014
1961, 0.774818
1962, 0.213337
1963, -1.331703
1964, 0.596630
1965, 0.318135
1966, -0.685080
1967, 0.121951
1968, -0.113904
1969, 0.682109
1970, -0.823118
1971, -0.062091
1972, -0.069279
1973, 0.138271
1974, -0.020450
1975, 0.305407
1976, -0.564089
1977, -0.032613
1978, -0.362740
1979, -0.778009
1980, 0.013817
1981, -0.313812
1982, 0.994233
1983, 1.156827
1984, 1.187314
1985, -0.197947
1986, -0.311494
1987, -0.815129
1988, 0.201123
1989, -0.650445
1990, 0.255787
1991, -0.242885
1992, -0.206531
1993, -0.313634
1994, -0.067709
1995, 0.703439
1996, 0.255934
1997, 0.181650
1998, 0.440989
1999, 0.047501
2000, -0.036656
2001, -0.031432
2002, 0.534708
2003, 0.343459
2004, 0.326944
2005, -1.172055
2006, 0.766753
2007, -0.137714
2008, -0.283885
2009, -0.308682
2010, -1.922351
2011, -0.397591
2012, 0.323216
2013, -0.105873
2014, 0.737235
2015, -0.339290
2016, 0.267569
2017, -0.453261
2018, 0.206109
2019, -0.146774
2020, 0.765036
2021, -0.359614
2022, -0.577665
2023, 0.982237
2024, 0.627461
2025, -0.473415
2026, 0.058261
2027, -1.317725
2028, -0.538145
2029, 0.149517
2030, -0.500565
2031, -1.366502
2032, 0.623312
2033, -0.338160
2034, -0.008854
2035, 0.981979
2036, 0.546594
2037, -0.246709
2038, -0.301290
2039, 0.190368
2040, -0.096938
2041, -0.737475
2042, -0.056608
2043, -1.018697
2044, -0.304243
2045, -0.775150
2046, -0.641957
2047, 0.294938
2048, -0.046874
2049, 0.760590
2050, -0.566324
2051, -0.422829
2052, 0.157381
2053, -0.640136
2054, -0.581336
2055, 0.108576
2056, -0.493740
2057, -0.086360
2058, -0.375732
2059, 0.227613
2060, -0.183538
2061, -2.926136
2062, 0.975460
2063, -0.469918
2064, 0.746232
2065, -0.625147
2066, 0.236495
2067, 0.251804
2068, 0.232234
2069, 0.842411
2070, 0.164133
2071, -0.027133
2072, -0.617527
2073, -0.299089
2074, -0.254601
2075, 0.315267
2076, -0.009773
2077, -0.401053
2078, -0.567882
2079, 1.072238
2080, 0.084542
2081, -0.040314
2082, 0.481832
2083, 0.187242
2084, 0.102133
2085, -0.200259
2086, 0.133520
2087, 0.390612
2088, -1.207149
2089, 0.220494
2090, -0.559908
2091, -1.744560
2092, 0.275016
2093, -1.127518
2094, 0.338053
2095, 0.011361
2096, 0.414388
2097, -0.635785
2098, -0.580112
2099, -0.873746
2100, -1.013194
2101, 0.028858
2102, -0.345731
2103, 0.939686
2104, -0.085322
2105, -0.193182
2106, -0.486895
2107, 0.026437
2108, 0.064537
2109, -0.515228
2110, -0.592702
2111, -0.005007
2112, 0.104115
2113, -0.395115
2114, 0.921754
2115, 0.363280
2116, -0.130458
2117, -0.185139
2118, -0.129856
2119, -0.463829
2120, 0.034113
2121, -0.201744
2122, -0.728483
2123, 0.159529
2124, -0.184114
2125, -0.209459
2126, -0.192540
2127, 0.678277
2128, 0.150212
2129, -0.145491
2130, -0.017201
2131, -0.501878
2132, 0.350425
2133, 0.636901
2134, 1.209304
2135, 0.715660
2136, -0.378379
2137, -0.050922
2138, 0.640487
2139, -1.116128
2140, -0.203898
2141, -0.245213
2142, -0.548242
2143, 0.401178
2144, 0.144269
2145, -0.003749
2146, 0.380950
2147, 0.204481
2148, 1.334568
2149, -0.212977
2150, -0.340460
2151, 0.079812
2152, -0.623458
2153, -1.017123
2154, 0.686722
2155, -0.284261
2156, 0.249637
2157, 0.510211
2158, 0.475248
2159, 0.721710
2160, 0.579927
2161, -2.321274
2162, -0.890680
2163, 0.389716
2164, 0.819058
2165, -3.229219
2166, -1.383192
2167, -0.510965
2168, 0.858940
2169, -2.268737
2170, 1.543780
2171, -0.335053
2172, 0.688141
2173, -1.017183
2174, -0.464114
2175, -2.152231
2176, -2.332552
2177, -1.457020
2178, 0.219255
2179, -0.738106
2180, 0.073286
2181, 0.384394
2182, -0.423967
2183, -1.487577
2184, 0.349540
2185, 1.513306
2186, -0.126845
2187, 1.980767
2188, -0.431650
2189, -1.071332
2190, -1.149541
2191, 1.353428
2192, -0.420267
2193, 0.784619
2194, 0.242503
2195, -0.660602
2196, -1.488473
2197, 0.401310
2198, -1.541826
2199, -1.809722
2200, -0.049958
2201, 0.960229
2202, 0.833685
2203, 0.820496
2204, -0.374497
2205, 0.188716
2206, -0.372533
2207, 0.263493
2208, 0.518548
2209, -0.373983
2210, -0.294123
2211, -0.202939
2212, -1.065108
2213, -0.105687
2214, -1.868904
2215, -0.490415
2216, 1.305223
2217, -0.209034
2218, 0.328770
2219, -0.567522
2220, 0.880924
2221, 0.879555
2222, -1.569654
2223, 0.224262
2224, -0.062049
2225, 0.678898
2226, -0.977647
2227, -0.677161
2228, -1.864509
2229, -1.070262
2230, 0.613282
2231, -0.341140
2232, -1.453892
2233, -1.741969
2234, 0.096851
2235, -0.968092
2236, 0.622723
2237, -0.253523
2238, -0.163901
2239, -0.027261
2240, -1.561618
2241, 2.325072
2242, -2.222553
2243, 0.810577
2244, -2.438397
2245, 0.772782
2246, 0.673943
2247, -1.813126
2248, -0.089183
2249, 1.025622
2250, -0.455520
2251, 1.098007
2252, 0.584593
2253, -1.027697
2254, -0.594787
2255, -1.177521
2256, -0.121981
2257, -0.055911
2258, -3.507252
2259, -0.832738
2260, -2.620747
2261, 0.990843
2262, 1.691408
2263, -2.325784
2264, 0.484618
2265, 0.755966
2266, 0.010899
2267, 0.380779
2268, 1.769208
2269, 1.543416
2270, 0.662223
2271, -1.984556
2272, 0.153212
2273, 1.070317
2274, -0.961693
2275, 0.678319
2276, 3.097361
2277, -1.175139
2278, -1.288402
2279, -0.976375
2280, 1.353977
2281, -1.288511
2282, -1.741136
2283, 3.148008
2284, -0.701318
2285, -0.173926
2286, -3.890237
2287, -1.599376
2288, 1.193731
2289, -2.513671
2290, -0.227688
2291, -0.799417
2292, -0.093648
2293, 0.793451
2294, -0.198195
2295, -1.232864
2296, 1.994826
2297, 1.414796
2298, -0.434053
2299, 0.487636
2300, -1.320605
2301, 1.297613
2302, 1.190014
2303, 0.697418
2304, -0.857803
2305, 0.725618
2306, 0.541503
2307, 0.598634
2308, 2.308123
2309, -0.117966
2310, 1.163209
2311, -0.068640
2312, -2.369657
2313, 2.130688
2314, -1.661838
2315, -2.348468
2316, -1.588425
2317, -0.445823
2318, 0.230493
2319, -0.443657
2320, 2.282884
2321, 0.844969
2322, -2.031996
2323, -0.662881
2324, -0.093093
2325, -1.060109
2326, 0.367439
2327, -0.387060
2328, -2.018806
2329, 0.311590
2330, 0.028974
2331, 1.055260
2332, -0.507166
2333, -0.192639
2334, 1.696594
2335, 0.416223
2336, 0.171333
2337, -0.070540
2338, 0.648450
2339, -1.035863
2340, -0.204445
2341, -0.802139
2342, -0.338005
2343, -0.267032
2344, -0.389343
2345, -1.164990
2346, 1.270058
2347, -1.815560
2348, 0.025792
2349, -0.382638
2350, -1.465902
2351, 0.058404
2352, 0.071862
2353, 0.010039
2354, -1.154125
2355, 0.243626
2356, 1.063414
2357, -0.226024
2358, 0.703492
2359, -0.149817
2360, 0.493320
2361, -2.589273
2362, -0.232389
2363, 1.225876
2364, -1.914910
2365, -1.145567
2366, -0.010821
2367, -1.826341
2368, -1.013129
2369, -1.634502
2370, 0.995430
2371, -0.983651
2372, 0.383019
2373, 1.025929
2374, -0.649360
2375, 0.769622
2376, -2.470173
2377, -0.675052
2378, -1.826885
2379, -0.171193
2380, -0.261866
2381, 0.237585
2382, 0.722424
2383, -0.340794
2384, -2.298853
2385, 1.401979
2386, -1.909428
2387, 1.340967
2388, -0.771795
2389, 0.784916
2390, -1.038736
2391, -1.601373
2392, -0.438922
2393, 2.827939
2394, -2.389222
2395, 1.847828
2396, -3.066555
2397, -1.473787
2398, 0.668978
2399, 2.099846
2400, -0.793573
2401, -2.687463
2402, -1.977499
2403, 1.192046
2404, -3.677196
2405, 1.343877
2406, 0.509400
2407, 1.606984
2408, 0.148563
2409, 0.281424
2410, -0.540370
2411, -1.076077
2412, -1.555422
2413, 1.181808
2414, 0.433409
2415, -2.737550
2416, 1.220774
2417, 0.032753
2418, 2.975253
2419, 0.171474
2420, -0.597874
2421, 0.272946
2422, 0.840467
2423, -2.412135
2424, -2.627933
2425, 1.488752
2426, 1.637541
2427, -1.022326
2428, -0.782071
2429, 0.812295
2430, 0.280196
2431, 1.871562
2432, -0.803208
2433, -0.658973
2434, -2.212217
2435, -1.516105
2436, -1.818136
2437, -1.867577
2438, 1.288086
2439, 1.493127
2440, -2.634494
2441, 0.965092
2442, -2.897263
2443, -0.440633
2444, -2.353065
2445, 0.146481
2446, -2.569921
2447, 1.509522
2448, 1.008669
2449, -0.751357
2450, 2.753234
2451, -0.071371
2452, 0.068189
2453, -2.715442
2454, 3.334586
2455, -1.537239
2456, -1.054041
2457, 2.329498
2458, -1.093314
2459, 3.208728
2460, -3.123587
2461, -1.017087
2462, 0.487985
2463, -0.557952
2464, 0.405929
2465, 0.136120
2466, -0.668630
2467, 1.785851
2468, -0.924662
2469, 0.389784
2470, 0.518048
2471, -0.424211
2472, 1.523715
2473, 5.755036
2474, -4.673395
2475, 5.285590
2476, 3.460464
2477, 1.407301
2478, 0.027648
2479, -1.945042
2480, -0.105765
2481, 6.137983
2482, 0.608285
2483, -0.302195
2484, 0.618460
2485, 0.284278
2486, -1.867357
2487, 1.771220
2488, -1.400715
2489, 0.424051
2490, -0.742141
2491, 5.259306
2492, 0.042801
2493, -0.325668
2494, 0.144175
2495, 2.420610
2496, 0.362706
2497, 1.855450
2498, 1.078297
2499, -0.892535
2500, -2.132181
2501, 0.284828
2502, 3.265547
2503, -0.144671
2504, 4.208261
2505, -0.202999
2506, -2.601625
2507, 0.200239
2508, 1.014545
2509, -1.236871
2510, 0.437493
2511, 0.704251
2512, -4.215899
2513, -2.461562
2514, 2.139977
2515, -0.375838
2516, 0.603611
2517, -0.297786
2518, 2.817198
2519, -0.794299
2520, -0.570339
2521, 0.163575
2522, 0.196635
2523, -2.886769
2524, -0.273748
2525, 0.382203
2526, -0.752727
2527, 2.025491
2528, -0.369746
2529, -0.683141
2530, -0.481853
2531, -0.382399
2532, -0.508535
2533, -1.434363
2534, 1.999914
2535, -0.400271
2536, 1.680014
2537, -0.736904
2538, -0.400612
2539, 0.742401
2540, -1.492325
2541, 0.045313
2542, 2.871023
2543, -2.507585
2544, 1.948849
2545, -0.315040
2546, -1.775433
2547, 0.956517
2548, 1.200181
2549, -1.047523
2550, 1.297385
2551, 0.504316
2552, -0.114917
2553, -0.658894
2554, 0.742557
2555, -2.262233
2556, 1.626122
2557, 2.221842
2558, 0.187100
2559, 1.059537
2560, -0.331207
2561, 1.413398
2562, -0.622991
2563, -0.576303
2564, 1.081947
2565, 0.616696
2566, 0.849987
2567, -0.533832
2568, -1.071997
2569, -1.949113
2570, 2.022458
2571, 0.084005
2572, 1.859480
2573, 0.219358
2574, -1.422513
2575, -2.924724
2576, -0.079003
2577, 0.808448
2578, 0.826315
2579, -0.211321
2580, -0.616739
2581, 1.436372
2582, -1.644569
2583, 2.436476
2584, -0.050822
2585, 0.747656
2586, 1.345964
2587, -0.079424
2588, -0.207998
2589, -5.160541
2590, 0.298032
2591, 3.802899
2592, -0.023270
2593, -0.427256
2594, -0.547257
2595, -3.823752
2596, -2.576953
2597, -0.239536
2598, 0.478535
2599, 0.712740
2600, -2.711448
2601, 2.772496
2602, -0.464146
2603, 1.131298
2604, 0.999742
2605, -1.797328
2606, 0.553225
2607, 0.022003
2608, 0.662230
2609, 0.946574
2610, -1.399251
2611, -0.073339
2612, 0.417884
2613, 1.304862
2614, -1.524266
2615, -1.434435
2616, 1.321656
2617, -1.126493
2618, -1.544887
2619, -0.316124
2620, -1.478249
2621, -0.858956
2622, 0.895691
2623, -4.043536
2624, -3.351746
2625, -0.249905
2626, 1.683796
2627, -1.592502
2628, -2.147992
2629, 0.004340
2630, -0.698773
2631, -1.637946
2632, 0.697806
2633, 1.355896
2634, -0.142436
2635, 2.396497
2636, 0.462516
2637, -0.799308
2638, -1.862134
2639, -0.819850
2640, 2.065205
2641, 0.813612
2642, 0.488770
2643, -0.614406
2644, 0.590340
2645, 0.002400
2646, 0.768436
2647, -0.552335
2648, -3.891112
2649, 0.827803
2650, 0.993963
2651, -1.217391
2652, -0.014157
2653, 0.248785
2654, -0.602673
2655, 0.084678
2656, -0.098887
2657, -1.038536
2658, 0.288948
2659, 1.476119
2660, -1.417991
2661, -0.514761
2662, -0.470247
2663, 0.287644
2664, -2.434416
2665, -1.883884
2666, -0.262099
2667, 0.349912
2668, 0.066189
2669, 0.298909
2670, 1.229729
2671, -0.314588
2672, -1.456725
2673, -0.781790
2674, -0.805267
2675, -0.761690
2676, -1.929057
2677, 1.056488
2678, -0.451152
2679, -1.426115
2680, 0.187325
2681, 1.225433
2682, -0.276994
2683, 2.708559
2684, 1.056390
2685, 0.623030
2686, -0.196868
2687, 0.450908
2688, 0.698863
2689, -1.273648
2690, -2.336467
2691, 0.508629
2692, -1.091585
2693, 1.050358
2694, 0.340932
2695, -0.338412
2696, 0.846264
2697, -0.273029
2698, -0.715156
2699, -1.564189
2700, -0.649610
2701, 0.641924
2702, -0.652984
2703, 0.597630
2704, 0.705418
2705, -0.476035
2706, -0.044234
2707, 0.185069
2708, 0.755932
2709, -0.119851
2710, -1.474603
2711, -0.010960
2712, -0.266267
2713, 1.498304
2714, 0.610270
2715, -0.873579
2716, 0.039808
2717, 0.505554
2718, -0.698127
2719, -0.648241
2720, -1.102597
2721, -0.030843
2722, -0.425778
2723, 0.291418
2724, -1.355035
2725, -0.828353
2726, -1.193207
2727, 1.338436
2728, -0.223861
2729, 1.236744
2730, -0.724743
2731, -0.709781
2732, -0.342343
2733, -0.260727
2734, 0.846695
2735, -0.153851
2736, 0.189514
2737, 1.177751
2738, -1.806493
2739, 0.000129
2740, -0.102987
2741, -0.758875
2742, -0.100716
2743, -0.110965
2744, 0.486217
2745, -0.719668
2746, -1.621925
2747, -0.006330
2748, 0.436978
2749, -0.492765
2750, -0.631537
2751, -0.445405
2752, 0.920868
2753, -0.430131
2754, 0.643038
2755, -1.850394
2756, 1.103897
2757, 0.333498
2758, -0.394334
2759, -0.637073
2760, -0.801184
2761, 0.821670
2762, -0.133117
2763, 0.075796
2764, 0.110861
2765, 0.355372
2766, -0.435966
2767, 0.623787
2768, -0.422601
2769, 0.413051
2770, 0.403916
2771, -0.177198
2772, -0.801067
2773, 1.098930
2774, -1.283950
2775, 0.169714
2776, 0.389555
2777, -0.411806
2778, -0.397242
2779, 0.535056
2780, 0.195310
2781, 0.572229
2782, -1.653143
2783, -1.062197
2784, -0.752549
2785, -0.740256
2786, 0.352950
2787, -3.849410
2788, -1.043101
2789, 0.844281
2790, 0.619750
2791, -1.688292
2792, -2.674050
2793, 0.321513
2794, -0.279644
2795, -1.438314
2796, -0.439493
2797, -0.286736
2798, 1.872896
2799, 0.050013
2800, -0.785184
2801, 0.288029
2802, 0.175614
2803, -1.869082
2804, -0.202250
2805, 1.133215
2806, -0.679772
2807, 0.009700
2808, -1.229123
2809, 0.084859
2810, 0.264409
2811, 0.105509
2812, -0.238788
2813, -0.868938
2814, -0.324049
2815, -1.495961
2816, 0.315718
2817, 1.087277
2818, 0.318905
2819, -0.013926
2820, -0.329691
2821, -0.866104
2822, -0.667406
2823, 0.170740
2824, 0.879978
2825, 0.359896
2826, -0.374119
2827, -0.538120
2828, 0.760378
2829, -0.253036
2830, 0.081900
2831, -0.118307
2832, -0.597089
2833, 0.229268
2834, -0.392772
2835, -0.751619
2836, 0.237561
2837, 0.046890
2838, -0.616037
2839, -1.859298
2840, -0.097242
2841, 0.510317
2842, 0.374895
2843, -0.209681
2844, 0.628082
2845, -0.347529
2846, 1.722532
2847, -0.640393
2848, -1.381649
2849, -0.346249
2850, -0.949444
2851, -0.802662
2852, -1.517488
2853, 2.351192
2854, 0.707540
2855, -1.421710
2856, -0.791300
2857, 0.870905
2858, 0.472232
2859, -1.286993
2860, -0.587148
2861, 0.418990
2862, -1.756478
2863, 0.118133
2864, 0.364302
2865, -2.097080
2866, 0.083084
2867, 1.452633
2868, -0.592061
2869, 0.844062
2870, -0.514262
2871, -0.787007
2872, 0.515807
2873, -0.446896
2874, 0.253090
2875, 0.135530
2876, -1.318971
2877, 0.667353
2878, -0.047652
2879, 0.196258
2880, 0.886369
2881, 0.168730
2882, -0.602768
2883, 0.521727
2884, -0.235367
2885, 0.077347
2886, -0.155623
2887, -0.466196
2888, -0.084719
2889, -1.736781
2890, 0.714267
2891, -0.994010
2892, 0.627727
2893, 1.207697
2894, 2.209109
2895, -0.340731
2896, -0.050705
2897, 0.041077
2898, -0.452291
2899, -0.877920
2900, 0.334121
2901, 0.065329
2902, -0.682498
2903, 0.620176
2904, 0.431573
2905, -0.532000
2906, -0.428867
2907, 0.183167
2908, 0.004880
2909, -0.746069
2910, 0.623272
2911, 0.260325
2912, -0.059496
2913, 1.053621
2914, -0.052125
2915, 0.155271
2916, -0.914099
2917, 0.317583
2918, 0.750125
2919, -0.962841
2920, -0.360191
2921, 0.517751
2922, 0.581189
2923, 0.722197
2924, -0.396976
2925, -0.682081
2926, 0.043657
2927, 0.153503
2928, 0.475170
2929, -0.538352
2930, -1.934072
2931, -0.691951
2932, 0.263807
2933, -0.718971
2934, -0.691457
2935, 0.322361
2936, -0.566402
2937, 0.762843
2938, 0.142772
2939, -0.378804
2940, -0.191194
2941, -0.838920
2942, -0.132269
2943, 1.624219
2944, 0.134455
2945, 0.137256
2946, -0.918671
2947, 0.090664
2948, 0.147770
2949, -0.644880
2950, 0.010486
2951, -0.189925
2952, -0.577368
2953, -0.150820
2954, -0.009221
2955, -0.259830
2956, -0.180408
2957, -0.182299
2958, -0.212099
2959, -0.147055
2960, -0.252742
2961, -0.747985
2962, -1.220376
2963, -1.057639
2964, -0.123573
2965, 0.414838
2966, -0.140808
2967, -1.813168
2968, 0.016532
2969, 1.641223
2970, -0.053346
2971, -0.017749
2972, 1.255118
2973, 0.075327
2974, -0.940410
2975, 0.469633
2976, -0.734273
2977, 0.434229
2978, -0.421238
2979, -1.198757
2980, 0.438510
2981, 0.053642
2982, -0.508399
2983, 0.177091
2984, -0.076386
2985, -0.000830
2986, -1.051588
2987, -0.569268
2988, 0.947145
2989, 0.067758
2990, -0.025345
2991, -0.461852
2992, 0.378626
2993, -0.710874
2994, 0.238241
2995, 0.145001
2996, -0.706225
2997, -0.388106
2998, -0.145027
2999, 1.061728
3000, -0.142359
3001, -0.079598
3002, 0.308687
3003, -0.133203
3004, -0.276012
3005, -0.176752
3006, -0.250323
3007, -0.137736
3008, -0.358759
3009, 0.015876
3010, 0.130662
3011, -0.114974
3012, -1.042423
3013, 0.283203
3014, 0.149425
3015, 0.083901
3016, -0.555630
3017, 0.289173
3018, -0.543767
3019, -0.132348
3020, 0.278053
3021, 0.407224
3022, -0.158524
3023, -0.529789
3024, -1.863812
3025, 0.191513
3026, -1.375930
3027, 0.225391
3028, 1.368666
3029, -0.300378
3030, -0.648538
3031, -0.142788
3032, -0.820101
3033, 1.104182
3034, 0.695089
3035, -0.415351
3036, 0.213647
3037, -0.398504
3038, -0.114978
3039, 0.501420
3040, 0.096662
3041, 0.254216
3042, -1.184619
3043, -1.110457
3044, -1.400458
3045, -2.629939
3046, 0.217617
3047, 0.493253
3048, -0.313032
3049, -0.627438
3050, 0.914569
3051, -0.315095
3052, -0.813511
3053, -0.876072
3054, -0.228006
3055, 0.020703
3056, 1.344320
3057, -0.639396
3058, 0.885976
3059, -0.353014
3060, -0.639462
3061, 0.640237
3062, -0.684763
3063, -1.273758
3064, 0.010622
3065, -1.117302
3066, -3.049861
3067, 0.086566
3068, 1.125572
3069, 0.610754
3070, 0.546804
3071, -0.178687
3072, 0.177610
3073, -0.154953
3074, -0.404610
3075, -0.406731
3076, 0.680804
3077, 0.470379
3078, -0.004491
3079, 0.083814
3080, 0.910269
3081, 0.189987
3082, -0.111180
3083, -0.476086
3084, -1.206328
3085, 0.598651
3086, 0.170465
3087, -1.251723
3088, -0.435073
3089, -0.056112
3090, 1.249931
3091, 0.726183
3092, -0.122489
3093, -0.722722
3094, 0.608612
3095, 0.410218
3096, -0.530313
3097, -0.470914
3098, -0.757128
3099, 0.112450
3100, 0.989559
3101, -0.227835
3102, 0.374147
3103, -0.275965
3104, -0.589384
3105, 0.622760
3106, -0.364399
3107, -0.944680
3108, -0.371864
3109, 0.668963
3110, -0.663185
3111, -1.200195
3112, -0.225725
3113, 0.302168
3114, -0.059664
3115, -0.101054
3116, 0.042129
3117, 0.753854
3118, 1.447535
3119, 0.694568
3120, 0.107441
3121, 0.240899
3122, 0.353344
3123, -0.412610
3124, -0.217946
3125, -2.261912
3126, -0.895393
3127, 1.052621
3128, -0.027281
3129, -0.977249
3130, -0.407660
3131, -1.710651
3132, 0.299699
3133, -0.494237
3134, -0.393785
3135, -0.404204
3136, 0.517953
3137, -0.670913
3138, 0.386752
3139, 0.821596
3140, 0.638272
3141, -0.304380
3142, 0.082258
3143, 0.381074
3144, -0.245367
3145, -0.377673
3146, -0.956621
3147, -1.053671
3148, 0.091978
3149, -0.166676
3150, 0.944236
3151, -0.135553
3152, -0.042565
3153, 1.087253
3154, 0.129798
3155, -0.064189
3156, -0.926103
3157, 1.076364
3158, 0.482155
3159, 0.313164
3160, -1.070531
3161, 0.827465
3162, -0.514191
3163, -0.112091
3164, -1.830657
3165, -1.378146
3166, -2.790362
3167, 3.189131
3168, 0.242822
3169, 2.018135
3170, -2.412277
3171, 0.646401
3172, -1.120081
3173, -0.844170
3174, -1.375695
3175, -0.962996
3176, -0.491515
3177, 2.453378
3178, -1.179847
3179, -1.965746
3180, 0.088458
3181, 1.270761
3182, -0.106867
3183, 0.993318
3184, -0.531081
3185, -0.566830
3186, -1.130285
3187, -1.721530
3188, 0.813038
3189, -0.696198
3190, 0.559577
3191, -1.841036
3192, -3.045134
3193, 0.150517
3194, 1.108978
3195, -1.214209
3196, 0.096853
3197, 0.269038
3198, -1.536359
3199, -0.776192
3200, -2.125812
3201, 0.836565
3202, -0.019585
3203, 1.304491
3204, 0.044585
3205, -1.608858
3206, 1.594726
3207, -1.019944
3208, 0.527020
3209, 0.014423
3210, 0.678337
3211, -0.104329
3212, 0.069377
3213, -0.974632
3214, 0.650759
3215, 0.100107
3216, -0.545868
3217, -1.410057
3218, -0.247507
3219, 1.603143
3220, -0.198106
3221, 1.318271
3222, 0.223227
3223, -1.003218
3224, -0.651917
3225, 0.990693
3226, 1.305373
3227, -1.882566
3228, 0.285164
3229, -0.018890
3230, -0.675338
3231, -1.101997
3232, -1.649518
3233, -0.033108
3234, 0.715857
3235, -0.325195
3236, -1.774111
3237, 0.739612
3238, -0.854019
3239, -1.725028
3240, -0.914134
3241, -2.313976
3242, 1.710940
3243, -1.763887
3244, 0.795991
3245, 0.316798
3246, -1.392112
3247, 0.648869
3248, -0.325516
3249, -0.720322
3250, -1.689693
3251, 0.411469
3252, -0.509215
3253, 0.026555
3254, -0.381041
3255, 0.192210
3256, 0.145099
3257, -1.594227
3258, 0.030517
3259, -2.172509
3260, 0.119766
3261, 1.277144
3262, -0.026836
3263, 1.075038
3264, -0.455576
3265, -0.006633
3266, -0.415320
3267, 0.682524
3268, -0.531235
3269, -1.684827
3270, 0.685044
3271, -0.142393
3272, 0.443843
3273, -0.126516
3274, -0.141488
3275, 0.701515
3276, -0.206717
3277, -0.219372
3278, -0.618579
3279, -1.909715
3280, 1.076118
3281, -0.025568
3282, 0.334430
3283, 1.083302
3284, 0.383625
3285, 0.507894
3286, 0.212961
3287, 0.125331
3288, -0.829433
3289, 0.352588
3290, 1.333053
3291, 0.603050
3292, -0.761618
3293, 0.811547
3294, -0.670255
3295, 1.083793
3296, -1.428527
3297, -0.786109
3298, -0.064950
3299, -0.396828
3300, 1.179761
3301, -0.559013
3302, -0.154046
3303, 0.935852
3304, -0.113564
3305, -0.218455
3306, -0.067734
3307, -1.240304
3308, -0.860263
3309, 0.721214
3310, 0.397589
3311, 0.042683
3312, -1.261946
3313, 0.511977
3314, -0.094676
3315, -0.249449
3316, -0.926659
3317, -0.857094
3318, -1.118827
3319, -0.144118
3320, 0.778728
3321, 0.107586
3322, -1.316707
3323, -0.046806
3324, -0.452899
3325, -1.565542
3326, 1.286736
3327, -0.543646
3328, -1.720588
3329, 0.480186
3330, 0.500267
3331, 0.173834
3332, -0.239586
3333, 0.839332
3334, -0.085273
3335, 0.694546
3336, -0.225883
3337, -1.949539
3338, -0.931156
3339, 0.268472
3340, -1.242112
3341, -0.103221
3342, 0.560814
3343, 0.137698
3344, -0.989662
3345, -1.173029
3346, 0.840142
3347, 2.197221
3348, -0.150305
3349, 1.065917
3350, -0.923591
3351, -0.349306
3352, -0.128518
3353, 0.065114
3354, -0.952686
3355, -0.171992
3356, 0.912844
3357, -1.926875
3358, 0.716965
3359, -1.393363
3360, 0.381443
3361, 0.233261
3362, -0.912859
3363, -0.431122
3364, -0.628133
3365, 0.968511
3366, 2.266289
3367, -0.952584
3368, 1.622706
3369, -1.491608
3370, -0.180538
3371, 0.170709
3372, 0.259025
3373, -0.749533
3374, -0.481410
3375, 0.543794
3376, 0.506506
3377, -0.202303
3378, -0.306614
3379, 0.871582
3380, 0.243536
3381, -0.184038
3382, 0.347506
3383, -0.311430
3384, 0.156016
3385, -0.778527
3386, -0.102026
3387, 0.630710
3388, -0.841716
3389, 1.570694
3390, 0.178257
3391, 0.746805
3392, 0.108300
3393, -0.334163
3394, -0.327211
3395, 0.112850
3396, -0.744755
3397, 0.705279
3398, -1.518462
3399, -0.124699
3400, -0.643223
3401, 0.994785
3402, -1.172075
3403, 0.551951
3404, 0.395153
3405, -1.087252
3406, 0.055822
3407, 0.678148
3408, -0.602458
3409, 0.907310
3410, -0.004609
3411, 1.820033
3412, 0.350428
3413, -0.041548
3414, -0.347523
3415, 0.076407
3416, -0.160811
3417, 1.250771
3418, -0.030094
3419, -0.793910
3420, 0.432656
3421, -0.294667
3422, 0.194364
3423, -0.465556
3424, -0.670137
3425, 0.634225
3426, 0.009472
3427, 0.248311
3428, -0.027274
3429, -0.482780
3430, -1.056641
3431, 0.158141
3432, -0.008410
3433, 0.459172
3434, 0.270914
3435, -0.267155
3436, -0.841058
3437, -0.762829
3438, -0.128053
3439, 0.637496
3440, -0.161393
3441, 0.688552
3442, 0.021644
3443, 1.013918
3444, -0.080196
3445, -0.081519
3446, 0.547708
3447, -0.697267
3448, -0.112066
3449, 0.102702
3450, -0.416021
3451, -0.430235
3452, 0.233632
3453, 0.141870
3454, -0.342763
3455, 0.202256
3456, -0.554515
3457, 0.050270
3458, -0.044190
3459, -1.194608
3460, -0.020675
3461, -0.571880
3462, -0.261114
3463, -0.192649
3464, 0.446772
3465, -0.546406
3466, -0.115867
3467, -0.468187
3468, 0.542734
3469, -0.406925
3470, 0.366897
3471, -0.919844
3472, -2.165667
3473, -0.776948
3474, 0.721342
3475, -0.747505
3476, 0.527446
3477, -0.300462
3478, -0.214005
3479, 0.189118
3480, 0.516294
3481, 0.188546
3482, 1.208133
3483, -0.495350
3484, -1.743165
3485, 0.254425
3486, 0.165731
3487, 0.067787
3488, -0.079471
3489, -0.464264
3490, -0.863607
3491, -0.155126
3492, 2.476441
3493, 0.474609
3494, 0.289658
3495, 0.222554
3496, 0.463520
3497, 0.812600
3498, 0.227625
3499, 0.381268
3500, 0.969160
3501, -0.492235
3502, 0.026308
3503, -0.638385
3504, -0.095919
3505, 0.474137
3506, 0.562636
3507, -0.312189
3508, -0.439532
3509, 0.307731
3510, 0.082648
3511, -0.662688
3512, -0.956725
3513, 0.034759
3514, -0.094662
3515, 1.063095
3516, -0.161119
3517, 0.178263
3518, -0.017790
3519, 0.532046
3520, 0.134162
3521, -0.157068
3522, -0.538152
3523, -0.199171
3524, 0.158418
3525, 0.394038
3526, -0.311338
3527, 0.362893
3528, -0.747618
3529, -0.845471
3530, -1.702637
3531, 0.462371
3532, -0.005696
3533, 0.158905
3534, -0.373334
3535, -0.272773
3536, -0.294597
3537, 0.377326
3538, 0.747015
3539, 0.000383
3540, 0.218949
3541, 0.028267
3542, 0.512511
3543, -0.123216
3544, -0.234819
3545, -0.714438
3546, -0.169543
3547, 0.097116
3548, -0.786233
3549, -0.002013
3550, 0.097003
3551, -0.490680
3552, -0.133183
3553, 0.151534
3554, 0.592469
3555, -1.241241
3556, 0.281527
3557, -0.098139
3558, 0.120867
3559, 0.427766
3560, 0.209926
3561, -0.550939
3562, -0.291686
3563, -0.633058
3564, -0.778255
3565, -0.955407
3566, -0.063747
3567, -0.468427
3568, -0.218548
3569, -0.195865
3570, -0.082161
3571, -0.220227
3572, 0.271443
3573, -0.491164
3574, 0.178506
3575, -0.441252
3576, 0.202858
3577, -0.085167
3578, -1.001504
3579, -0.490303
3580, -0.259232
3581, 0.891048
3582, -0.502346
3583, -0.662673
3584, 1.432080
3585, -0.175640
3586, 0.126840
3587, 0.786641
3588, -0.071714
3589, -0.165286
3590, 0.580515
3591, 0.079472
3592, -0.154459
3593, -0.173676
3594, 0.343916
3595, 0.210567
3596, -0.275574
3597, -0.237285
3598, -0.177559
3599, 1.090128
3600, -0.342539
3601, -0.049732
3602, -0.448135
3603, -0.246367
3604, 0.659358
3605, 0.329567
3606, -0.108269
3607, 0.144651
3608, 0.020164
3609, -0.180888
3610, -1.553804
3611, -0.766692
3612, 0.744870
3613, -0.314869
3614, 0.417911
3615, -0.885900
3616, -0.768984
3617, 0.281855
3618, -0.630821
3619, -0.166066
3620, -0.484539
3621, -0.231084
3622, -0.011763
3623, -0.767825
3624, -1.117205
3625, -0.513990
3626, 0.493358
3627, 0.202757
3628, -0.322781
3629, -0.672128
3630, 0.186017
3631, -0.390578
3632, -1.123951
3633, -0.058285
3634, 0.543021
3635, 1.685935
3636, 0.300177
3637, -0.570341
3638, -1.002436
3639, -0.322505
3640, 0.876417
3641, -1.175046
3642, 1.009310
3643, 0.460189
3644, 1.219779
3645, 0.398517
3646, 0.934429
3647, 0.200033
3648, 0.240924
3649, -0.526809
3650, -0.688722
3651, 0.165842
3652, 0.759624
3653, -0.324218
3654, -0.117580
3655, -0.475797
3656, -0.756677
3657, 0.620966
3658, -0.679860
3659, -0.672073
3660, -0.180294
3661, 0.424841
3662, -1.118594
3663, -0.904227
3664, -0.031984
3665, -1.242740
3666, 0.319361
3667, 0.636106
3668, -0.343538
3669, -0.199291
3670, 0.895262
3671, -0.469168
3672, -0.807079
3673, 0.449133
3674, 0.121825
3675, -0.146082
3676, -0.699473
3677, 0.612972
3678, 0.964934
3679, 0.904404
3680, 0.358420
3681, -0.090048
3682, 0.207892
3683, 0.738170
3684, -0.199620
3685, 0.191281
3686, -0.102711
3687, 0.421430
3688, 0.549852
3689, -0.510953
3690, -0.329644
3691, 0.802602
3692, 0.106176
3693, -0.472832
3694, 0.802621
3695, 0.043638
3696, 0.003622
3697, -1.271637
3698, 0.103988
3699, -0.012110
3700, 0.159408
3701, 0.006816
3702, 1.546950
3703, 0.224424
3704, -0.254341
3705, 0.423484
3706, -0.090036
3707, -0.690816
3708, -0.791728
3709, 0.569679
3710, -0.618438
3711, -0.193067
3712, 0.295378
3713, -0.441781
3714, 0.126671
3715, -0.310934
3716, 0.589041
3717, -0.402014
3718, 0.506848
3719, 0.311262
3720, 0.423043
3721, 0.145773
3722, -1.018235
3723, -0.211304
3724, -1.109765
3725, 0.083383
3726, -0.172932
3727, -0.069336
3728, -0.563137
3729, -0.465895
3730, -1.158641
3731, -0.035759
3732, 0.100626
3733, -0.126679
3734, 0.550335
3735, -0.555737
3736, -1.200435
3737, 0.108535
3738, 0.056337
3739, 0.577024
3740, 0.099546
3741, 0.502124
3742, 0.390368
3743, -0.173563
3744, -0.180667
3745, 0.460174
3746, -0.652272
3747, -0.058405
3748, 0.057585
3749, -0.099624
3750, -0.203409
3751, -0.526909
3752, 0.262477
3753, -0.656723
3754, 0.011375
3755, -0.152002
3756, 0.083449
3757, 0.099045
3758, 0.181255
3759, -0.265903
3760, 0.074100
3761, 0.214461
3762, 0.521863
3763, 0.833710
3764, -0.289353
3765, -0.070313
3766, -0.444976
3767, -0.619549
3768, -0.035935
3769, 0.086564
3770, -0.480610
3771, -0.348515
3772, -0.247919
3773, 0.031362
3774, 0.405471
3775, -0.478764
3776, -0.376543
3777, 0.302132
3778, -0.460779
3779, 0.306083
3780, -0.572152
3781, 0.196003
3782, -0.667999
3783, -0.309885
3784, 0.299898
3785, 0.040076
3786, -0.290741
3787, 0.198482
3788, 0.464616
3789, -0.452845
3790, -0.127397
3791, -0.214106
3792, 0.297979
3793, 0.139520
3794, -0.358259
3795, 0.356656
3796, -0.499790
3797, -0.064327
3798, 0.371337
3799, 0.151510
3800, -0.291753
3801, -0.338320
3802, 0.124562
3803, 0.617762
3804, -0.465805
3805, -0.473099
3806, 0.084762
3807, 0.153724
3808, 0.114216
3809, -0.116122
3810, 0.032654
3811, -0.176510
3812, -0.635333
3813, -0.477624
3814, -0.759590
3815, 0.762388
3816, 1.165535
3817, -0.043016
3818, 0.480798
3819, -0.060023
3820, 0.526529
3821, 0.291726
3822, -0.012014
3823, -0.161744
3824, 0.356476
3825, 0.105531
3826, 0.203986
3827, -0.181162
3828, 0.088987
3829, -0.447443
3830, 0.202952
3831, 0.030826
3832, 0.021583
3833, -0.312515
3834, -0.115271
3835, 0.206449
3836, -0.584599
3837, -0.260569
3838, -1.919223
3839, 1.492718
3840, 0.299697
3841, -1.060806
3842, 0.231268
3843, -0.285975
3844, 0.269338
3845, -0.117928
3846, 0.063752
3847, -0.597665
3848, -0.956967
3849, -0.537696
3850, 0.374461
3851, 0.313230
3852, 0.353727
3853, -0.018424
3854, -0.384327
3855, -0.356863
3856, 0.784398
3857, 0.529306
3858, -0.048338
3859, 0.112879
3860, 0.547506
3861, -0.158493
3862, -0.599628
3863, 0.185030
3864, -0.164751
3865, 0.144179
3866, -0.363990
3867, 0.096243
3868, 0.440758
3869, 0.122580
3870, -0.057981
3871, 0.039814
3872, 0.072856
3873, 0.190610
3874, 0.240666
3875, 0.302734
3876, -0.606194
3877, -0.696326
3878, 0.150016
3879, -0.086161
3880, 0.513083
3881, -0.107976
3882, 0.649669
3883, 0.520064
3884, 0.031217
3885, 0.606731
3886, -0.166703
3887, 0.241438
3888, 0.166050
3889, -0.210515
3890, 0.549045
3891, -0.688894
3892, 0.236791
3893, 0.112466
3894, -0.894431
3895, -0.126007
3896, 0.702596
3897, -0.135501
3898, 0.487981
3899, 0.202771
3900, -0.847690
3901, 0.045455
3902, -0.696991
3903, 0.397466
3904, -1.273733
3905, 0.463586
3906, 0.537699
3907, -1.882402
3908, -0.047987
3909, -0.340622
3910, -0.375430
3911, 0.692439
3912, -0.280013
3913, 0.833313
3914, -0.493725
3915, -0.398759
3916, -0.882819
3917, 0.600198
3918, 0.106702
3919, -0.360080
3920, 1.154202
3921, -0.027892
3922, -0.003406
3923, 0.629092
3924, -0.219492
3925, -0.248842
3926, 0.407941
3927, -1.093580
3928, 0.163966
3929, -0.115151
3930, -0.407666
3931, -0.183768
3932, -0.563300
3933, -0.569836
3934, -1.089146
3935, 0.120025
3936, -0.926905
3937, 0.263111
3938, 0.273888
3939, -0.301993
3940, -0.931507
3941, -0.540710
3942, 0.294208
3943, -1.261894
3944, 0.360143
3945, -0.639799
3946, 0.137807
3947, 0.350379
3948, 0.176575
3949, 1.065225
3950, -0.253776
3951, -0.274221
3952, -0.387208
3953, -0.608227
3954, -0.639071
3955, 0.880827
3956, -1.298608
3957, 0.360819
3958, -2.023661
3959, 0.534520
3960, -0.249876
3961, 0.044826
3962, -0.049340
3963, -1.078570
3964, -0.504295
3965, 0.932181
3966, 0.927583
3967, -0.023847
3968, 0.734286
3969, -0.050170
3970, -0.462631
3971, -0.390764
3972, -0.867118
3973, 0.353894
3974, 1.257498
3975, -0.368347
3976, -1.231212
3977, 0.365446
3978, -0.105867
3979, -1.321505
3980, -0.639407
3981, 0.754033
3982, 1.045528
3983, -0.140702
3984, -0.241568
3985, -0.098956
3986, -0.029479
3987, 0.129131
3988, 0.261481
3989, 0.877367
3990, -0.698697
3991, 1.121842
3992, 0.133075
3993, -0.148369
3994, -0.476101
3995, -0.376824
3996, -0.912419
3997, 0.102512
3998, -0.157163
3999, -0.025812
4000, -0.188563
4001, -1.487228
4002, -0.383158
4003, 0.196730
4004, 0.692838
4005, -0.285737
4006, 0.986096
4007, -0.306199
4008, 0.459664
4009, -0.043047
4010, 0.757886
4011, -0.329817
4012, 0.505374
4013, -0.195861
4014, -1.754519
4015, 0.310983
4016, 0.917629
4017, -0.344097
4018, -0.214394
4019, 0.753375
4020, -0.602757
4021, -0.350428
4022, -1.162478
4023, -0.105621
4024, 0.684858
4025, 0.386911
4026, 0.350227
4027, 0.519423
4028, 0.032825
4029, 0.168638
4030, 0.081236
4031, -0.553413
4032, -0.962038
4033, 0.193834
4034, 0.577574
4035, 0.384067
4036, 0.010409
4037, -0.689990
4038, -0.460850
4039, -0.126414
4040, 0.339867
4041, -0.000842
4042, 0.310209
4043, 0.490274
4044, 0.453824
4045, -0.674892
4046, -0.659589
4047, -0.231511
4048, 0.265625
4049, -0.331878
4050, 0.606826
4051, -0.562127
4052, -0.310676
4053, 0.209401
4054, 0.616217
4055, -0.302755
4056, -0.736061
4057, -0.163892
4058, 0.937813
4059, 0.710798
4060, 0.446512
4061, -0.018340
4062, -0.289960
4063, -0.733321
4064, 0.412229
4065, -0.931402
4066, -0.120734
4067, 0.188747
4068, -0.704431
4069, 0.674708
4070, 0.227963
4071, -0.768188
4072, -0.303942
4073, -0.095358
4074, 0.456008
4075, -0.042089
4076, -0.930870
4077, 0.815976
4078, -0.392045
4079, 0.115491
4080, -0.217901
4081, 0.663797
4082, 1.472663
4083, 0.747685
4084, 0.321290
4085, -0.412579
4086, -0.815214
4087, -0.214406
4088, -0.085959
4089, -0.294442
4090, 0.386590
4091, -0.875501
4092, -0.332055
4093, -1.026430
4094, 0.446372
4095, 0.277813
4096, -1.228119
4097, -0.607799
4098, 0.024470
4099, 0.964469
4100, -0.418568
4101, -0.714898
4102, 0.336126
4103, -0.094362
4104, -0.195080
4105, 0.275683
4106, -0.294922
4107, -0.272627
4108, -0.644500
4109, -0.058421
4110, -0.636635
4111, -1.976074
4112, 0.129824
4113, 0.474142
4114, -1.650312
4115, 0.560635
4116, -0.305434
4117, -0.030307
4118, -0.485563
4119, -0.646198
4120, -0.465514
4121, 0.314818
4122, 1.016570
4123, 0.163826
4124, 0.074971
4125, 0.643176
4126, -0.204388
4127, -1.312753
4128, 1.081504
4129, 0.681611
4130, 0.072340
4131, -0.120284
4132, -0.578956
4133, -0.303611
4134, -2.707592
4135, 0.596415
4136, 0.974659
4137, -0.218726
4138, -0.103050
4139, -0.226752
4140, -0.164884
4141, -1.210787
4142, 0.093359
4143, -0.411921
4144, -0.837417
4145, -0.474366
4146, -2.021701
4147, 0.187593
4148, -0.282031
4149, 0.983515
4150, -0.064353
4151, -1.298207
4152, -0.323010
4153, 0.438921
4154, -1.342627
4155, 0.395766
4156, 0.668321
4157, -1.732472
4158, -0.977508
4159, 0.323236
4160, -0.114249
4161, -1.137231
4162, -0.726714
4163, -1.967173
4164, 0.263839
4165, -1.952039
4166, -4.006539
4167, 3.342776
4168, 1.040712
4169, 0.797668
4170, 1.204099
4171, 1.847602
4172, -1.231167
4173, 0.814137
4174, 0.304533
4175, -1.075965
4176, -0.052561
4177, 0.105091
4178, 2.342779
4179, 0.255103
4180, 0.417954
4181, -0.303388
4182, -0.723899
4183, 0.423710
4184, 0.813984
4185, 0.410797
4186, -1.159617
4187, 0.413854
4188, -1.412616
4189, -1.229659
4190, 0.010576
4191, 1.038514
4192, 1.240374
4193, 0.176107
4194, 0.112310
4195, -0.180871
4196, 1.151392
4197, -0.967349
4198, 1.124984
4199, -0.042583
4200, -0.264829
4201, 0.328225
4202, 0.099111
4203, 0.031406
4204, 0.029129
4205, -0.678928
4206, 0.093717
4207, 0.026408
4208, 0.442757
4209, -0.259972
4210, -0.152663
4211, -1.284181
4212, -0.279078
4213, 0.504461
4214, 0.809653
4215, 1.108227
4216, -0.096515
4217, -1.851967
4218, -0.691627
4219, -0.901382
4220, -1.505449
4221, 0.015783
4222, -0.864188
4223, 0.208743
4224, 0.600779
4225, -1.088440
4226, 1.134681
4227, -0.084979
4228, 0.060609
4229, -0.851015
4230, -0.254652
4231, 0.876692
4232, -1.115954
4233, -0.230460
4234, 1.244487
4235, -0.218972
4236, 0.374145
4237, -0.297969
4238, 0.258524
4239, -1.163223
4240, -1.203382
4241, 0.023130
4242, -1.234464
4243, -0.229691
4244, -0.013995
4245, 0.498893
4246, 1.278818
4247, -0.182414
4248, 0.657750
4249, 0.117228
4250, 0.230456
4251, -0.321391
4252, 0.412297
4253, -0.187362
4254, -0.663052
4255, -0.401522
4256, 0.777034
4257, -2.423462
4258, -0.368785
4259, -0.915894
4260, -1.396165
4261, 1.059632
4262, -0.857710
4263, -0.505640
4264, 0.321172
4265, -0.118807
4266, -0.601742
4267, 1.725689
4268, 0.491655
4269, -1.736401
4270, -0.637351
4271, 0.351533
4272, 1.029214
4273, -0.043794
4274, -0.175872
4275, 1.020802
4276, 2.535536
4277, 0.468471
4278, -0.089169
4279, -0.126266
4280, -0.667963
4281, 1.126538
4282, 1.497483
4283, -0.321331
4284, 0.640664
4285, 0.400515
4286, 0.130956
4287, 0.012600
4288, -0.597648
4289, 0.742758
4290, 0.365490
4291, 1.244544
4292, -0.007139
4293, 0.498772
4294, 0.373692
4295, 0.032460
4296, 0.097622
4297, -0.173313
4298, 0.313193
4299, 0.494616
4300, 0.016235
4301, -1.536664
4302, 0.712117
4303, -0.330575
4304, 0.727788
4305, -0.152501
4306, -0.230978
4307, -0.134315
4308, -0.023326
4309, -0.607092
4310, -0.267050
4311, -0.802458
4312, 1.299837
4313, -0.141483
4314, -0.492277
4315, -1.067499
4316, -0.387176
4317, 0.906344
4318, 0.512152
4319, -0.350768
4320, 1.042768
4321, -0.198274
4322, 0.766252
4323, -0.181875
4324, -0.781797
4325, -1.556349
4326, 0.228210
4327, -0.285741
4328, 0.224092
4329, 0.294517
4330, 0.019623
4331, -1.316537
4332, -0.547718
4333, -0.815919
4334, -1.171745
4335, -0.172206
4336, -0.282880
4337, -0.304292
4338, 0.450509
4339, -0.578767
4340, -0.181342
4341, -0.521744
4342, 0.403101
4343, 0.724954
4344, 0.543028
4345, -0.783708
4346, 0.278467
4347, 2.380993
4348, -0.348512
4349, 0.519105
4350, -0.080587
4351, 0.570608
4352, 0.698981
4353, 0.039615
4354, 0.952081
4355, -0.493692
4356, 0.258955
4357, 0.104514
4358, -0.093432
4359, 0.669086
4360, 0.124301
4361, -1.135248
4362, 0.735419
4363, 0.466239
4364, -1.037493
4365, 0.349016
4366, 0.158611
4367, 0.598155
4368, 0.474114
4369, -0.337695
4370, -2.389767
4371, 0.625484
4372, 0.790993
4373, 0.658705
4374, 0.593352
4375, 0.526432
4376, 0.369601
4377, -0.255653
4378, -1.127338
4379, 0.412881
4380, 0.667260
4381, 0.531341
4382, 0.121057
4383, 0.323611
4384, 1.046612
4385, 0.621048
4386, 0.178183
4387, -0.064792
4388, 0.514305
4389, -0.464155
4390, -0.428444
4391, 0.459061
4392, 0.057407
4393, 0.178357
4394, -0.904000
4395, 0.798891
4396, -0.135447
4397, 0.009888
4398, 0.171157
4399, 0.735229
4400, 0.298036
4401, 0.011798
4402, 0.430960
4403, -0.402129
4404, 0.164745
4405, -0.042066
4406, -0.390659
4407, -0.038153
4408, 0.193523
4409, -1.153431
4410, -0.253979
4411, 0.488034
4412, -0.284747
4413, 0.896566
4414, 0.381444
4415, -0.080724
4416, -0.030505
4417, -0.584728
4418, -0.602712
4419, -0.311459
4420, 0.639366
4421, 0.868082
4422, 0.617676
4423, 0.226576
4424, -0.569468
4425, -0.342550
4426, -0.935060
4427, -0.479967
4428, -0.121282
4429, 1.660149
4430, 0.222837
4431, 0.947066
4432, -0.324005
4433, 0.480182
4434, -0.377275
4435, 0.316936
4436, -0.796391
4437, 0.159227
4438, 0.640505
4439, 0.125153
4440, 0.225727
4441, -0.256737
4442, -0.987673
4443, 0.554798
4444, -0.529228
4445, -0.359742
4446, 0.279215
4447, 0.517816
4448, 0.606958
4449, 0.309523
4450, -0.171412
4451, -0.122563
4452, 0.509312
4453, 0.070439
4454, -0.687214
4455, -0.005050
4456, 0.074543
4457, 0.004314
4458, -0.987949
4459, -0.646703
4460, 0.033535
4461, 0.954304
4462, 0.026913
4463, -3.340478
4464, 0.898944
4465, -1.211891
4466, -0.166047
4467, 0.034835
4468, 0.072132
4469, 0.118982
4470, 0.192293
4471, 0.347733
4472, 0.825847
4473, 0.344495
4474, -0.138900
4475, 0.106237
4476, 0.598975
4477, -0.309838
4478, 0.485206
4479, 0.194472
4480, -0.272069
4481, -0.367613
4482, 0.444852
4483, 0.219615
4484, 0.080177
4485, 0.814215
4486, 0.008643
4487, -0.363249
4488, 0.058325
4489, -0.260721
4490, 0.577804
4491, 0.054728
4492, -0.686258
4493, 0.565150
4494, -0.029642
4495, -0.071958
4496, 0.049964
4497, 0.644940
4498, 0.264246
4499, -0.771186
4500, 0.058201
4501, 0.742949
4502, 0.284862
4503, 0.025994
4504, 0.362722
4505, 0.550523
4506, 0.205668
4507, -0.081836
4508, 0.777756
4509, -0.566202
4510, -0.198381
4511, 0.089139
4512, -0.434982
4513, 0.027251
4514, -0.076332
4515, -0.048803
4516, -0.073788
4517, -0.782884
4518, -0.368025
4519, -0.248649
4520, 0.369338
4521, 0.493382
4522, 0.094312
4523, -0.836135
4524, -0.268288
4525, 0.422304
4526, 0.243608
4527, -0.010060
4528, 0.706122
4529, 0.640896
4530, 0.072281
4531, 0.496917
4532, 0.107950
4533, 0.088390
4534, -0.112365
4535, -0.311175
4536, -0.338446
4537, -0.311014
4538, -0.214099
4539, -0.354039
4540, 0.943951
4541, -0.491220
4542, -0.198221
4543, 0.022773
4544, -0.496988
4545, -0.141178
4546, 0.283928
4547, -0.746674
4548, -0.250595
4549, 0.110931
4550, -0.878628
4551, -0.075104
4552, 0.625036
4553, -0.256186
4554, 1.066871
4555, -0.026980
4556, 0.011867
4557, 0.036683
4558, 0.149399
4559, -0.022997
4560, 0.049284
4561, -0.552490
4562, 0.031407
4563, -0.517006
4564, 0.333158
4565, 0.330742
4566, 0.050592
4567, 0.586674
4568, -0.060672
4569, -0.059383
4570, 0.168900
4571, -0.228476
